{"stats":{"minecraft:crafted":{"minecraft:oak_planks":24,"minecraft:stone_shovel":1,"minecraft:crafting_table":3,"minecraft:spruce_planks":52,"minecraft:wooden_pickaxe":1,"minecraft:bucket":1,"minecraft:stone_axe":1,"minecraft:bread":27,"minecraft:oak_trapdoor":2,"minecraft:spruce_slab":24,"minecraft:stick":20,"minecraft:stone_pickaxe":2,"minecraft:wooden_axe":1,"minecraft:iron_shovel":1,"minecraft:white_bed":1,"minecraft:composter":3,"minecraft:torch":8,"minecraft:stone_hoe":3,"minecraft:wheat":81},"minecraft:dropped":{"minecraft:azure_bluet":1,"minecraft:dirt":1,"minecraft:snowball":16,"minecraft:beef":2,"minecraft:dandelion":1},"minecraft:custom":{"minecraft:mob_kills":38,"minecraft:interact_with_crafting_table":16,"minecraft:open_barrel":3,"minecraft:leave_game":5,"minecraft:time_since_death":123983,"minecraft:sleep_in_bed":9,"minecraft:climb_one_cm":427,"minecraft:time_since_rest":6812,"minecraft:sprint_one_cm":611327,"minecraft:damage_taken":475,"minecraft:walk_one_cm":209960,"minecraft:drop":6,"minecraft:damage_dealt":4674,"minecraft:swim_one_cm":50296,"minecraft:fly_one_cm":1503726,"minecraft:open_chest":10,"minecraft:crouch_one_cm":858,"minecraft:play_time":123983,"minecraft:sneak_time":456,"minecraft:walk_under_water_one_cm":13418,"minecraft:jump":5456,"minecraft:walk_on_water_one_cm":19246,"minecraft:total_world_time":123983,"minecraft:fall_one_cm":157475},"minecraft:mined":{"minecraft:spruce_planks":1,"minecraft:white_bed":9,"minecraft:farmland":5,"minecraft:dandelion":3,"minecraft:crafting_table":3,"minecraft:short_grass":100,"minecraft:grass_block":54,"minecraft:poppy":1,"minecraft:dead_bush":1,"minecraft:copper_ore":5,"minecraft:tall_grass":10,"minecraft:cobblestone":15,"minecraft:spruce_leaves":8,"minecraft:composter":1,"minecraft:sugar_cane":1,"minecraft:diorite":16,"minecraft:wall_torch":1,"minecraft:large_fern":1,"minecraft:hay_block":9,"minecraft:oak_trapdoor":1,"minecraft:iron_ore":12,"minecraft:fire":1,"minecraft:snow":129,"minecraft:ice":15,"minecraft:spruce_log":14,"minecraft:andesite":13,"minecraft:birch_leaves":1,"minecraft:yellow_bed":3,"minecraft:azure_bluet":1,"minecraft:coal_ore":19,"minecraft:oak_log":6,"minecraft:gravel":5,"minecraft:sunflower":4,"minecraft:dirt":21,"minecraft:stone":169,"minecraft:oak_leaves":2},"minecraft:broken":{"minecraft:stone_pickaxe":2,"minecraft:stone_shovel":1,"minecraft:stone_hoe":1},"minecraft:used":{"minecraft:oak_trapdoor":3,"minecraft:water_bucket":43,"minecraft:diorite":1,"minecraft:iron_shovel":57,"minecraft:spruce_slab":1,"minecraft:stone_pickaxe":273,"minecraft:stone_shovel":131,"minecraft:spruce_planks":8,"minecraft:wooden_pickaxe":15,"minecraft:composter":2,"minecraft:stone_hoe":283,"minecraft:torch":8,"minecraft:dirt":24,"minecraft:mutton":5,"minecraft:crafting_table":6,"minecraft:white_bed":9,"minecraft:wooden_axe":12,"minecraft:bread":13,"minecraft:stone_axe":73,"minecraft:cobblestone":87,"minecraft:beef":54,"minecraft:porkchop":9,"minecraft:bucket":43},"minecraft:killed":{"minecraft:pig":6,"minecraft:iron_golem":1,"minecraft:sheep":3,"minecraft:cow":28},"minecraft:picked_up":{"minecraft:crafting_table":3,"minecraft:azure_bluet":1,"minecraft:andesite":13,"minecraft:leather":23,"minecraft:oak_log":6,"minecraft:yellow_bed":3,"minecraft:oak_trapdoor":1,"minecraft:dirt":80,"minecraft:raw_copper":17,"minecraft:wheat_seeds":16,"minecraft:rabbit_hide":2,"minecraft:spruce_planks":1,"minecraft:iron_ingot":4,"minecraft:beef":57,"minecraft:poppy":2,"minecraft:rabbit":2,"minecraft:sugar_cane":11,"minecraft:stick":2,"minecraft:raw_iron":12,"minecraft:composter":1,"minecraft:torch":1,"minecraft:dandelion":5,"minecraft:gravel":5,"minecraft:porkchop":9,"minecraft:diorite":16,"minecraft:white_bed":9,"minecraft:spruce_log":13,"minecraft:hay_block":9,"minecraft:coal":19,"minecraft:mutton":5,"minecraft:snowball":128,"minecraft:white_wool":3,"minecraft:cobblestone":184}},"DataVersion":3953}