{"stats":{"minecraft:dropped":{"minecraft:beef":1},"minecraft:used":{"minecraft:wooden_axe":12,"minecraft:water_bucket":1,"minecraft:stone_shovel":131,"minecraft:bread":6,"minecraft:stone_pickaxe":14,"minecraft:wooden_pickaxe":15,"minecraft:stone_hoe":110,"minecraft:stone_axe":34,"minecraft:dirt":5,"minecraft:cobblestone":3,"minecraft:beef":7,"minecraft:crafting_table":3,"minecraft:bucket":2},"minecraft:killed":{"minecraft:sheep":3,"minecraft:iron_golem":1,"minecraft:cow":12},"minecraft:mined":{"minecraft:spruce_planks":1,"minecraft:farmland":4,"minecraft:snow":129,"minecraft:ice":15,"minecraft:spruce_log":14,"minecraft:crafting_table":2,"minecraft:short_grass":2,"minecraft:grass_block":2,"minecraft:dirt":1,"minecraft:cobblestone":3,"minecraft:spruce_leaves":5,"minecraft:stone":15,"minecraft:sugar_cane":1},"minecraft:broken":{"minecraft:stone_shovel":1},"minecraft:picked_up":{"minecraft:crafting_table":2,"minecraft:leather":4,"minecraft:spruce_log":13,"minecraft:dirt":7,"minecraft:wheat_seeds":1,"minecraft:spruce_planks":1,"minecraft:rabbit_hide":2,"minecraft:beef":25,"minecraft:iron_ingot":4,"minecraft:poppy":1,"minecraft:rabbit":2,"minecraft:sugar_cane":11,"minecraft:mutton":5,"minecraft:snowball":128,"minecraft:white_wool":3,"minecraft:cobblestone":18},"minecraft:crafted":{"minecraft:stone_shovel":1,"minecraft:crafting_table":2,"minecraft:spruce_planks":52,"minecraft:stick":20,"minecraft:wooden_pickaxe":1,"minecraft:stone_pickaxe":1,"minecraft:wooden_axe":1,"minecraft:bucket":1,"minecraft:stone_hoe":1,"minecraft:stone_axe":1},"minecraft:custom":{"minecraft:time_since_rest":10206,"minecraft:sprint_one_cm":202118,"minecraft:damage_taken":60,"minecraft:walk_one_cm":58165,"minecraft:mob_kills":16,"minecraft:drop":1,"minecraft:damage_dealt":2474,"minecraft:swim_one_cm":3650,"minecraft:interact_with_crafting_table":9,"minecraft:fly_one_cm":383271,"minecraft:open_barrel":3,"minecraft:open_chest":2,"minecraft:crouch_one_cm":440,"minecraft:play_time":32891,"minecraft:sneak_time":141,"minecraft:walk_under_water_one_cm":66,"minecraft:jump":1214,"minecraft:walk_on_water_one_cm":988,"minecraft:leave_game":2,"minecraft:time_since_death":32891,"minecraft:sleep_in_bed":2,"minecraft:total_world_time":32891,"minecraft:fall_one_cm":33717}},"DataVersion":3953}