{"stats":{"minecraft:picked_up":{"minecraft:crafting_table":3,"minecraft:leather":18,"minecraft:dirt":7,"minecraft:wheat_seeds":11,"minecraft:rabbit_hide":2,"minecraft:spruce_planks":1,"minecraft:iron_ingot":4,"minecraft:beef":50,"minecraft:poppy":1,"minecraft:rabbit":2,"minecraft:sugar_cane":11,"minecraft:stick":2,"minecraft:raw_iron":4,"minecraft:porkchop":9,"minecraft:white_bed":4,"minecraft:spruce_log":13,"minecraft:mutton":5,"minecraft:snowball":128,"minecraft:white_wool":3,"minecraft:cobblestone":18},"minecraft:crafted":{"minecraft:stone_shovel":1,"minecraft:crafting_table":2,"minecraft:spruce_planks":52,"minecraft:wooden_pickaxe":1,"minecraft:bucket":1,"minecraft:stone_axe":1,"minecraft:stick":20,"minecraft:stone_pickaxe":1,"minecraft:wooden_axe":1,"minecraft:white_bed":1,"minecraft:stone_hoe":1},"minecraft:dropped":{"minecraft:dirt":1,"minecraft:snowball":16,"minecraft:beef":2},"minecraft:used":{"minecraft:water_bucket":31,"minecraft:stone_shovel":131,"minecraft:stone_pickaxe":28,"minecraft:wooden_pickaxe":15,"minecraft:stone_hoe":110,"minecraft:dirt":6,"minecraft:crafting_table":4,"minecraft:white_bed":4,"minecraft:wooden_axe":12,"minecraft:bread":6,"minecraft:stone_axe":59,"minecraft:cobblestone":3,"minecraft:beef":38,"minecraft:porkchop":9,"minecraft:bucket":32},"minecraft:custom":{"minecraft:mob_kills":33,"minecraft:interact_with_crafting_table":10,"minecraft:open_barrel":3,"minecraft:leave_game":4,"minecraft:time_since_death":72211,"minecraft:sleep_in_bed":5,"minecraft:climb_one_cm":204,"minecraft:time_since_rest":9286,"minecraft:sprint_one_cm":426685,"minecraft:damage_taken":295,"minecraft:walk_one_cm":83210,"minecraft:drop":4,"minecraft:damage_dealt":4174,"minecraft:swim_one_cm":36079,"minecraft:fly_one_cm":1026136,"minecraft:open_chest":6,"minecraft:crouch_one_cm":538,"minecraft:play_time":72211,"minecraft:sneak_time":256,"minecraft:walk_under_water_one_cm":8920,"minecraft:jump":3532,"minecraft:walk_on_water_one_cm":10702,"minecraft:total_world_time":72211,"minecraft:fall_one_cm":101478},"minecraft:broken":{"minecraft:stone_shovel":1},"minecraft:mined":{"minecraft:spruce_planks":1,"minecraft:white_bed":4,"minecraft:farmland":4,"minecraft:crafting_table":3,"minecraft:short_grass":50,"minecraft:grass_block":2,"minecraft:dead_bush":1,"minecraft:tall_grass":10,"minecraft:cobblestone":3,"minecraft:spruce_leaves":5,"minecraft:sugar_cane":1,"minecraft:iron_ore":4,"minecraft:fire":1,"minecraft:snow":129,"minecraft:ice":15,"minecraft:spruce_log":14,"minecraft:birch_leaves":1,"minecraft:sunflower":3,"minecraft:dirt":1,"minecraft:stone":15,"minecraft:oak_leaves":2},"minecraft:killed":{"minecraft:pig":6,"minecraft:iron_golem":1,"minecraft:sheep":3,"minecraft:cow":23}},"DataVersion":3953}