{"stats":{"minecraft:killed":{"minecraft:witch":1,"minecraft:skeleton":1,"minecraft:pig":10,"minecraft:iron_golem":1,"minecraft:wandering_trader":1,"minecraft:creeper":1,"minecraft:sheep":8,"minecraft:trader_llama":2,"minecraft:zombie":3,"minecraft:cow":40},"minecraft:crafted":{"minecraft:oak_planks":232,"minecraft:stone_shovel":1,"minecraft:cobblestone_slab":84,"minecraft:furnace":1,"minecraft:oak_trapdoor":2,"minecraft:iron_boots":1,"minecraft:iron_axe":1,"minecraft:ladder":24,"minecraft:spruce_slab":24,"minecraft:stone_pickaxe":9,"minecraft:chest":2,"minecraft:stone_hoe":4,"minecraft:wheat":171,"minecraft:oak_slab":12,"minecraft:crafting_table":7,"minecraft:spruce_planks":52,"minecraft:wooden_pickaxe":1,"minecraft:iron_sword":1,"minecraft:bucket":1,"minecraft:stone_axe":3,"minecraft:bread":57,"minecraft:air":0,"minecraft:oak_fence_gate":4,"minecraft:oak_boat":2,"minecraft:iron_chestplate":1,"minecraft:shield":1,"minecraft:stick":144,"minecraft:iron_ingot":30,"minecraft:iron_pickaxe":1,"minecraft:wooden_axe":1,"minecraft:iron_shovel":1,"minecraft:iron_leggings":1,"minecraft:white_bed":1,"minecraft:composter":3,"minecraft:spruce_fence_gate":1,"minecraft:torch":64},"minecraft:broken":{"minecraft:stone_hoe":1,"minecraft:stone_pickaxe":6,"minecraft:golden_axe":1,"minecraft:stone_shovel":1},"minecraft:used":{"minecraft:oak_trapdoor":5,"minecraft:iron_shovel":120,"minecraft:spruce_slab":3,"minecraft:stone_shovel":131,"minecraft:ladder":19,"minecraft:chest":2,"minecraft:spruce_planks":8,"minecraft:iron_sword":67,"minecraft:stone_hoe":456,"minecraft:torch":56,"minecraft:dirt":36,"minecraft:mutton":11,"minecraft:oak_fence_gate":4,"minecraft:wooden_axe":23,"minecraft:beef":75,"minecraft:furnace":1,"minecraft:potato":10,"minecraft:golden_axe":24,"minecraft:wheat_seeds":42,"minecraft:water_bucket":133,"minecraft:diorite":1,"minecraft:stone_pickaxe":956,"minecraft:oak_planks":5,"minecraft:wooden_pickaxe":15,"minecraft:composter":3,"minecraft:cauldron":2,"minecraft:cobblestone_slab":66,"minecraft:oak_slab":4,"minecraft:crafting_table":13,"minecraft:white_bed":33,"minecraft:bread":38,"minecraft:iron_pickaxe":8,"minecraft:stone_axe":142,"minecraft:cobblestone":263,"minecraft:porkchop":17,"minecraft:bucket":134,"minecraft:yellow_bed":6,"minecraft:oak_boat":17},"minecraft:killed_by":{"minecraft:creeper":1,"minecraft:skeleton":2,"minecraft:zombie":1},"minecraft:mined":{"minecraft:spruce_planks":3,"minecraft:white_bed":32,"minecraft:farmland":7,"minecraft:granite":56,"minecraft:grass_block":68,"minecraft:spruce_leaves":8,"minecraft:composter":2,"minecraft:large_fern":1,"minecraft:hay_block":19,"minecraft:oak_trapdoor":3,"minecraft:iron_ore":42,"minecraft:fire":1,"minecraft:snow":129,"minecraft:andesite":27,"minecraft:azure_bluet":1,"minecraft:potatoes":6,"minecraft:water_cauldron":1,"minecraft:cobblestone_slab":1,"minecraft:dirt_path":4,"minecraft:stone":627,"minecraft:spruce_slab":2,"minecraft:oak_slab":1,"minecraft:dandelion":3,"minecraft:crafting_table":7,"minecraft:short_grass":416,"minecraft:poppy":1,"minecraft:dead_bush":1,"minecraft:tall_grass":32,"minecraft:copper_ore":5,"minecraft:cobblestone":68,"minecraft:sugar_cane":1,"minecraft:oak_planks":4,"minecraft:diorite":24,"minecraft:wall_torch":4,"minecraft:cauldron":2,"minecraft:wheat":1,"minecraft:ice":15,"minecraft:spruce_log":14,"minecraft:birch_leaves":1,"minecraft:yellow_bed":6,"minecraft:oak_log":59,"minecraft:coal_ore":59,"minecraft:sunflower":4,"minecraft:gravel":6,"minecraft:dirt":67,"minecraft:oak_leaves":5},"minecraft:custom":{"minecraft:mob_kills":68,"minecraft:interact_with_crafting_table":50,"minecraft:open_barrel":3,"minecraft:leave_game":14,"minecraft:time_since_death":92697,"minecraft:climb_one_cm":11576,"minecraft:sprint_one_cm":1092991,"minecraft:walk_one_cm":649786,"minecraft:drop":78,"minecraft:talked_to_villager":8,"minecraft:play_time":332556,"minecraft:sneak_time":2509,"minecraft:deaths":4,"minecraft:walk_under_water_one_cm":31814,"minecraft:boat_one_cm":92527,"minecraft:jump":9286,"minecraft:walk_on_water_one_cm":53065,"minecraft:total_world_time":332556,"minecraft:interact_with_furnace":17,"minecraft:sleep_in_bed":27,"minecraft:time_since_rest":8041,"minecraft:damage_taken":2429,"minecraft:damage_dealt":8642,"minecraft:swim_one_cm":73727,"minecraft:player_kills":1,"minecraft:fly_one_cm":2339134,"minecraft:open_chest":13,"minecraft:crouch_one_cm":8361,"minecraft:fall_one_cm":256225},"minecraft:picked_up":{"minecraft:wooden_axe":3,"minecraft:crafting_table":7,"minecraft:azure_bluet":1,"minecraft:ladder":11,"minecraft:lead":2,"minecraft:cornflower":1,"minecraft:oak_trapdoor":3,"minecraft:raw_copper":17,"minecraft:flint_and_steel":3,"minecraft:iron_shovel":1,"minecraft:bucket":1,"minecraft:spruce_planks":7,"minecraft:beef":85,"minecraft:oak_boat":17,"minecraft:cobblestone_slab":42,"minecraft:poppy":2,"minecraft:spruce_slab":2,"minecraft:sugar_cane":11,"minecraft:chest":4,"minecraft:stick":6,"minecraft:raw_iron":56,"minecraft:composter":6,"minecraft:torch":11,"minecraft:snow_block":1,"minecraft:fire_charge":6,"minecraft:porkchop":17,"minecraft:golden_axe":1,"minecraft:diorite":71,"minecraft:redstone":6,"minecraft:golden_chestplate":3,"minecraft:cauldron":3,"minecraft:rotten_flesh":10,"minecraft:arrow":3,"minecraft:hay_block":19,"minecraft:mutton":11,"minecraft:cobblestone":1278,"minecraft:snowball":128,"minecraft:white_wool":8,"minecraft:water_bucket":2,"minecraft:andesite":43,"minecraft:leather":44,"minecraft:potato":11,"minecraft:oak_log":58,"minecraft:yellow_bed":6,"minecraft:gunpowder":1,"minecraft:dirt":154,"minecraft:bone":1,"minecraft:wheat_seeds":53,"minecraft:stone_pickaxe":4,"minecraft:rabbit_hide":10,"minecraft:iron_ingot":4,"minecraft:rabbit":2,"minecraft:stone_hoe":1,"minecraft:oak_planks":205,"minecraft:oak_slab":10,"minecraft:dandelion":7,"minecraft:gravel":5,"minecraft:white_bed":33,"minecraft:spruce_log":13,"minecraft:spruce_fence_gate":2,"minecraft:stone_axe":7,"minecraft:iron_helmet":3,"minecraft:granite":68,"minecraft:bread":33,"minecraft:coal":142},"minecraft:dropped":{"minecraft:bread":31,"minecraft:oak_slab":5,"minecraft:wheat_seeds":10,"minecraft:cobblestone":82,"minecraft:lead":2,"minecraft:granite":18,"minecraft:dirt":42,"minecraft:diorite":25,"minecraft:cornflower":1,"minecraft:snowball":16,"minecraft:fire_charge":6,"minecraft:dandelion":3,"minecraft:bone":1,"minecraft:rotten_flesh":6,"minecraft:azure_bluet":1,"minecraft:rabbit_hide":2,"minecraft:spruce_slab":1,"minecraft:stone_pickaxe":2,"minecraft:beef":5}},"DataVersion":3953}