{"stats":{"minecraft:broken":{"minecraft:stone_pickaxe":3,"minecraft:stone_shovel":1,"minecraft:stone_hoe":1},"minecraft:crafted":{"minecraft:cobblestone_slab":84,"minecraft:oak_slab":6,"minecraft:oak_planks":44,"minecraft:stone_shovel":1,"minecraft:crafting_table":3,"minecraft:spruce_planks":52,"minecraft:wooden_pickaxe":1,"minecraft:bucket":1,"minecraft:stone_axe":1,"minecraft:bread":27,"minecraft:oak_trapdoor":2,"minecraft:oak_fence_gate":4,"minecraft:oak_boat":1,"minecraft:spruce_slab":24,"minecraft:stick":48,"minecraft:stone_pickaxe":4,"minecraft:wooden_axe":1,"minecraft:iron_shovel":1,"minecraft:white_bed":1,"minecraft:composter":3,"minecraft:spruce_fence_gate":1,"minecraft:torch":16,"minecraft:stone_hoe":3,"minecraft:wheat":81},"minecraft:dropped":{"minecraft:bread":6,"minecraft:azure_bluet":1,"minecraft:dirt":1,"minecraft:snowball":16,"minecraft:beef":2,"minecraft:dandelion":1},"minecraft:used":{"minecraft:oak_trapdoor":3,"minecraft:wheat_seeds":18,"minecraft:water_bucket":63,"minecraft:diorite":1,"minecraft:iron_shovel":118,"minecraft:stone_pickaxe":514,"minecraft:stone_shovel":131,"minecraft:spruce_slab":3,"minecraft:oak_planks":3,"minecraft:spruce_planks":8,"minecraft:wooden_pickaxe":15,"minecraft:composter":3,"minecraft:cobblestone_slab":66,"minecraft:stone_hoe":329,"minecraft:torch":14,"minecraft:dirt":32,"minecraft:mutton":5,"minecraft:oak_slab":1,"minecraft:crafting_table":6,"minecraft:white_bed":30,"minecraft:oak_fence_gate":4,"minecraft:wooden_axe":18,"minecraft:bread":23,"minecraft:stone_axe":76,"minecraft:cobblestone":193,"minecraft:beef":54,"minecraft:porkchop":9,"minecraft:bucket":64,"minecraft:yellow_bed":3,"minecraft:oak_boat":11,"minecraft:golden_axe":16},"minecraft:picked_up":{"minecraft:wooden_axe":1,"minecraft:crafting_table":3,"minecraft:azure_bluet":1,"minecraft:andesite":14,"minecraft:leather":27,"minecraft:lead":2,"minecraft:oak_log":11,"minecraft:yellow_bed":3,"minecraft:oak_trapdoor":1,"minecraft:dirt":115,"minecraft:raw_copper":17,"minecraft:flint_and_steel":1,"minecraft:iron_shovel":1,"minecraft:cobblestone_slab":2,"minecraft:wheat_seeds":21,"minecraft:rabbit_hide":4,"minecraft:bucket":1,"minecraft:spruce_planks":7,"minecraft:iron_ingot":4,"minecraft:beef":57,"minecraft:oak_boat":11,"minecraft:poppy":2,"minecraft:spruce_slab":1,"minecraft:rabbit":2,"minecraft:sugar_cane":11,"minecraft:stone_hoe":1,"minecraft:oak_planks":10,"minecraft:stick":2,"minecraft:raw_iron":12,"minecraft:composter":3,"minecraft:torch":2,"minecraft:dandelion":5,"minecraft:gravel":5,"minecraft:snow_block":1,"minecraft:fire_charge":3,"minecraft:porkchop":9,"minecraft:golden_axe":1,"minecraft:diorite":31,"minecraft:white_bed":31,"minecraft:spruce_log":13,"minecraft:golden_chestplate":1,"minecraft:rotten_flesh":4,"minecraft:stone_axe":1,"minecraft:hay_block":9,"minecraft:iron_helmet":1,"minecraft:granite":29,"minecraft:bread":22,"minecraft:mutton":5,"minecraft:coal":51,"minecraft:snowball":128,"minecraft:white_wool":3,"minecraft:cobblestone":420},"minecraft:killed":{"minecraft:pig":6,"minecraft:iron_golem":1,"minecraft:wandering_trader":1,"minecraft:sheep":3,"minecraft:skeleton":1,"minecraft:trader_llama":2,"minecraft:zombie":1,"minecraft:cow":28},"minecraft:custom":{"minecraft:mob_kills":43,"minecraft:interact_with_crafting_table":23,"minecraft:open_barrel":3,"minecraft:leave_game":5,"minecraft:time_since_death":51006,"minecraft:sleep_in_bed":13,"minecraft:climb_one_cm":427,"minecraft:time_since_rest":11343,"minecraft:sprint_one_cm":720754,"minecraft:damage_taken":977,"minecraft:walk_one_cm":371095,"minecraft:drop":12,"minecraft:damage_dealt":5674,"minecraft:swim_one_cm":53980,"minecraft:fly_one_cm":1693501,"minecraft:talked_to_villager":8,"minecraft:open_chest":10,"minecraft:crouch_one_cm":2947,"minecraft:play_time":183811,"minecraft:deaths":1,"minecraft:sneak_time":1095,"minecraft:walk_under_water_one_cm":20044,"minecraft:boat_one_cm":40538,"minecraft:jump":6393,"minecraft:walk_on_water_one_cm":24341,"minecraft:total_world_time":183811,"minecraft:fall_one_cm":181451},"minecraft:mined":{"minecraft:spruce_planks":3,"minecraft:white_bed":30,"minecraft:farmland":5,"minecraft:dandelion":3,"minecraft:crafting_table":3,"minecraft:granite":29,"minecraft:short_grass":132,"minecraft:grass_block":62,"minecraft:poppy":1,"minecraft:dead_bush":1,"minecraft:copper_ore":5,"minecraft:tall_grass":14,"minecraft:cobblestone":41,"minecraft:spruce_leaves":8,"minecraft:sugar_cane":1,"minecraft:composter":1,"minecraft:diorite":16,"minecraft:wall_torch":1,"minecraft:large_fern":1,"minecraft:hay_block":9,"minecraft:oak_trapdoor":1,"minecraft:iron_ore":12,"minecraft:fire":1,"minecraft:wheat":1,"minecraft:snow":129,"minecraft:ice":15,"minecraft:spruce_log":14,"minecraft:birch_leaves":1,"minecraft:andesite":14,"minecraft:azure_bluet":1,"minecraft:yellow_bed":3,"minecraft:coal_ore":34,"minecraft:oak_log":11,"minecraft:cobblestone_slab":1,"minecraft:dirt_path":4,"minecraft:sunflower":4,"minecraft:gravel":5,"minecraft:dirt":46,"minecraft:stone":338,"minecraft:oak_leaves":2},"minecraft:killed_by":{"minecraft:skeleton":1}},"DataVersion":3953}