{"stats":{"minecraft:crafted":{"minecraft:stone_shovel":1,"minecraft:crafting_table":2,"minecraft:spruce_planks":52,"minecraft:wooden_pickaxe":1,"minecraft:bucket":1,"minecraft:stone_axe":1,"minecraft:stick":20,"minecraft:stone_pickaxe":1,"minecraft:wooden_axe":1,"minecraft:white_bed":1,"minecraft:stone_hoe":1},"minecraft:dropped":{"minecraft:dirt":1,"minecraft:snowball":16,"minecraft:beef":2,"minecraft:dandelion":1},"minecraft:custom":{"minecraft:mob_kills":38,"minecraft:interact_with_crafting_table":10,"minecraft:open_barrel":3,"minecraft:leave_game":5,"minecraft:time_since_death":99983,"minecraft:sleep_in_bed":7,"minecraft:climb_one_cm":427,"minecraft:time_since_rest":10242,"minecraft:sprint_one_cm":562720,"minecraft:damage_taken":425,"minecraft:walk_one_cm":123990,"minecraft:drop":5,"minecraft:damage_dealt":4674,"minecraft:swim_one_cm":46572,"minecraft:fly_one_cm":1422856,"minecraft:open_chest":9,"minecraft:crouch_one_cm":566,"minecraft:play_time":99983,"minecraft:sneak_time":305,"minecraft:walk_under_water_one_cm":10000,"minecraft:jump":5004,"minecraft:walk_on_water_one_cm":17030,"minecraft:total_world_time":99983,"minecraft:fall_one_cm":145366},"minecraft:broken":{"minecraft:stone_shovel":1},"minecraft:mined":{"minecraft:spruce_planks":1,"minecraft:white_bed":7,"minecraft:farmland":4,"minecraft:dandelion":1,"minecraft:crafting_table":3,"minecraft:short_grass":54,"minecraft:grass_block":3,"minecraft:dead_bush":1,"minecraft:tall_grass":10,"minecraft:cobblestone":3,"minecraft:spruce_leaves":8,"minecraft:sugar_cane":1,"minecraft:large_fern":1,"minecraft:iron_ore":4,"minecraft:fire":1,"minecraft:snow":129,"minecraft:ice":15,"minecraft:spruce_log":14,"minecraft:andesite":12,"minecraft:birch_leaves":1,"minecraft:oak_log":6,"minecraft:gravel":5,"minecraft:sunflower":4,"minecraft:dirt":12,"minecraft:stone":39,"minecraft:oak_leaves":2},"minecraft:used":{"minecraft:water_bucket":33,"minecraft:stone_pickaxe":76,"minecraft:stone_shovel":131,"minecraft:spruce_planks":5,"minecraft:wooden_pickaxe":15,"minecraft:stone_hoe":110,"minecraft:dirt":6,"minecraft:mutton":5,"minecraft:crafting_table":4,"minecraft:white_bed":7,"minecraft:wooden_axe":12,"minecraft:bread":9,"minecraft:stone_axe":71,"minecraft:cobblestone":3,"minecraft:beef":54,"minecraft:porkchop":9,"minecraft:bucket":34},"minecraft:killed":{"minecraft:pig":6,"minecraft:iron_golem":1,"minecraft:sheep":3,"minecraft:cow":28},"minecraft:picked_up":{"minecraft:crafting_table":3,"minecraft:andesite":12,"minecraft:leather":23,"minecraft:oak_log":6,"minecraft:dirt":19,"minecraft:wheat_seeds":11,"minecraft:rabbit_hide":2,"minecraft:spruce_planks":1,"minecraft:iron_ingot":4,"minecraft:beef":57,"minecraft:poppy":1,"minecraft:rabbit":2,"minecraft:sugar_cane":11,"minecraft:stick":2,"minecraft:raw_iron":4,"minecraft:dandelion":1,"minecraft:gravel":5,"minecraft:porkchop":9,"minecraft:white_bed":7,"minecraft:spruce_log":13,"minecraft:mutton":5,"minecraft:snowball":128,"minecraft:white_wool":3,"minecraft:cobblestone":42}},"DataVersion":3953}