{"stats":{"minecraft:dropped":{"minecraft:bread":31,"minecraft:oak_slab":5,"minecraft:wheat_seeds":10,"minecraft:cobblestone":82,"minecraft:lead":2,"minecraft:granite":30,"minecraft:dirt":42,"minecraft:diorite":25,"minecraft:cornflower":1,"minecraft:snowball":16,"minecraft:fire_charge":6,"minecraft:dandelion":3,"minecraft:bone":1,"minecraft:rotten_flesh":6,"minecraft:azure_bluet":1,"minecraft:rabbit_hide":2,"minecraft:potato":2,"minecraft:spruce_slab":1,"minecraft:stone_pickaxe":3,"minecraft:arrow":3,"minecraft:beef":5},"minecraft:killed_by":{"minecraft:creeper":2,"minecraft:skeleton":3,"minecraft:zombie":1},"minecraft:used":{"minecraft:oak_trapdoor":5,"minecraft:iron_shovel":120,"minecraft:spruce_slab":3,"minecraft:stone_shovel":131,"minecraft:ladder":19,"minecraft:chest":4,"minecraft:spruce_planks":8,"minecraft:shield":7,"minecraft:iron_sword":91,"minecraft:stone_hoe":459,"minecraft:torch":95,"minecraft:dirt":36,"minecraft:mutton":14,"minecraft:oak_fence_gate":4,"minecraft:wooden_axe":23,"minecraft:beef":84,"minecraft:furnace":2,"minecraft:egg":1,"minecraft:cooked_beef":1,"minecraft:potato":51,"minecraft:cobbled_deepslate":4,"minecraft:golden_axe":24,"minecraft:wheat_seeds":42,"minecraft:water_bucket":193,"minecraft:diorite":1,"minecraft:stone_pickaxe":1088,"minecraft:oak_planks":13,"minecraft:wooden_pickaxe":15,"minecraft:composter":3,"minecraft:cauldron":2,"minecraft:cobblestone_slab":66,"minecraft:oak_slab":4,"minecraft:crafting_table":14,"minecraft:white_bed":33,"minecraft:bread":38,"minecraft:iron_pickaxe":563,"minecraft:stone_axe":153,"minecraft:cobblestone":400,"minecraft:porkchop":17,"minecraft:bucket":194,"minecraft:yellow_bed":8,"minecraft:oak_boat":17},"minecraft:killed":{"minecraft:witch":1,"minecraft:skeleton":2,"minecraft:chicken":2,"minecraft:pig":12,"minecraft:iron_golem":1,"minecraft:wandering_trader":1,"minecraft:creeper":1,"minecraft:sheep":12,"minecraft:trader_llama":2,"minecraft:zombie":4,"minecraft:cow":43},"minecraft:mined":{"minecraft:spruce_planks":3,"minecraft:tuff":3,"minecraft:white_bed":32,"minecraft:farmland":7,"minecraft:granite":108,"minecraft:grass_block":68,"minecraft:spruce_leaves":8,"minecraft:composter":2,"minecraft:large_fern":1,"minecraft:hay_block":19,"minecraft:redstone_ore":1,"minecraft:oak_trapdoor":3,"minecraft:cobbled_deepslate":4,"minecraft:iron_ore":73,"minecraft:fire":1,"minecraft:snow":129,"minecraft:andesite":77,"minecraft:deepslate_lapis_ore":2,"minecraft:azure_bluet":1,"minecraft:potatoes":19,"minecraft:dirt_path":7,"minecraft:cobblestone_slab":1,"minecraft:water_cauldron":1,"minecraft:stone":1051,"minecraft:spruce_slab":2,"minecraft:oak_slab":1,"minecraft:dandelion":3,"minecraft:crafting_table":7,"minecraft:short_grass":424,"minecraft:poppy":1,"minecraft:dead_bush":1,"minecraft:copper_ore":7,"minecraft:tall_grass":32,"minecraft:cobblestone":88,"minecraft:lapis_ore":1,"minecraft:sugar_cane":1,"minecraft:oak_planks":4,"minecraft:diorite":58,"minecraft:wall_torch":16,"minecraft:cauldron":2,"minecraft:wheat":54,"minecraft:ice":15,"minecraft:spruce_log":14,"minecraft:birch_leaves":1,"minecraft:yellow_bed":8,"minecraft:oak_log":59,"minecraft:coal_ore":60,"minecraft:sunflower":4,"minecraft:gravel":15,"minecraft:dirt":73,"minecraft:oak_leaves":5,"minecraft:deepslate":46},"minecraft:broken":{"minecraft:stone_hoe":1,"minecraft:stone_pickaxe":7,"minecraft:golden_axe":1,"minecraft:iron_pickaxe":2,"minecraft:stone_shovel":1},"minecraft:picked_up":{"minecraft:wooden_axe":7,"minecraft:crafting_table":8,"minecraft:iron_chestplate":4,"minecraft:wheat":6,"minecraft:azure_bluet":1,"minecraft:chicken":4,"minecraft:ladder":17,"minecraft:lead":2,"minecraft:shield":4,"minecraft:cornflower":1,"minecraft:oak_trapdoor":3,"minecraft:raw_copper":45,"minecraft:iron_axe":4,"minecraft:flint_and_steel":3,"minecraft:iron_leggings":4,"minecraft:iron_shovel":1,"minecraft:cobbled_deepslate":170,"minecraft:bucket":4,"minecraft:spruce_planks":7,"minecraft:beef":95,"minecraft:oak_boat":17,"minecraft:cobblestone_slab":42,"minecraft:spruce_slab":2,"minecraft:poppy":2,"minecraft:iron_pickaxe":1,"minecraft:sugar_cane":11,"minecraft:chest":4,"minecraft:iron_boots":4,"minecraft:egg":1,"minecraft:stick":6,"minecraft:raw_iron":127,"minecraft:composter":6,"minecraft:torch":89,"minecraft:snow_block":1,"minecraft:fire_charge":6,"minecraft:porkchop":20,"minecraft:golden_axe":1,"minecraft:diorite":207,"minecraft:redstone":26,"minecraft:golden_chestplate":3,"minecraft:cauldron":3,"minecraft:arrow":9,"minecraft:rotten_flesh":10,"minecraft:hay_block":19,"minecraft:mutton":19,"minecraft:snowball":137,"minecraft:white_wool":11,"minecraft:cobblestone":2292,"minecraft:feather":5,"minecraft:water_bucket":3,"minecraft:andesite":243,"minecraft:leather":48,"minecraft:potato":50,"minecraft:flint":4,"minecraft:oak_log":58,"minecraft:yellow_bed":8,"minecraft:gunpowder":1,"minecraft:lapis_lazuli":20,"minecraft:dirt":163,"minecraft:bone":3,"minecraft:wheat_seeds":121,"minecraft:rabbit_hide":10,"minecraft:stone_pickaxe":9,"minecraft:iron_ingot":27,"minecraft:rabbit":2,"minecraft:stone_hoe":2,"minecraft:iron_sword":4,"minecraft:oak_planks":305,"minecraft:oak_slab":10,"minecraft:dandelion":7,"minecraft:gravel":19,"minecraft:white_bed":33,"minecraft:spruce_log":13,"minecraft:spruce_fence_gate":3,"minecraft:stone_axe":16,"minecraft:iron_helmet":7,"minecraft:granite":276,"minecraft:gray_wool":3,"minecraft:bread":33,"minecraft:coal":272},"minecraft:custom":{"minecraft:mob_kills":81,"minecraft:interact_with_crafting_table":56,"minecraft:open_barrel":3,"minecraft:leave_game":19,"minecraft:time_since_death":11762,"minecraft:climb_one_cm":11576,"minecraft:sprint_one_cm":1275912,"minecraft:walk_one_cm":817161,"minecraft:damage_blocked_by_shield":405,"minecraft:drop":89,"minecraft:talked_to_villager":8,"minecraft:play_time":408764,"minecraft:sneak_time":3366,"minecraft:deaths":8,"minecraft:walk_under_water_one_cm":80832,"minecraft:boat_one_cm":92527,"minecraft:jump":11119,"minecraft:walk_on_water_one_cm":81177,"minecraft:total_world_time":408764,"minecraft:interact_with_furnace":24,"minecraft:sleep_in_bed":36,"minecraft:time_since_rest":8136,"minecraft:damage_taken":3366,"minecraft:damage_dealt":10175,"minecraft:swim_one_cm":99085,"minecraft:player_kills":1,"minecraft:fly_one_cm":2687116,"minecraft:open_chest":32,"minecraft:crouch_one_cm":10021,"minecraft:fall_one_cm":292469},"minecraft:crafted":{"minecraft:oak_door":3,"minecraft:oak_planks":232,"minecraft:stone_shovel":1,"minecraft:cobblestone_slab":84,"minecraft:furnace":2,"minecraft:oak_trapdoor":2,"minecraft:iron_boots":1,"minecraft:iron_axe":1,"minecraft:ladder":24,"minecraft:spruce_slab":24,"minecraft:stone_pickaxe":13,"minecraft:chest":4,"minecraft:stone_hoe":4,"minecraft:wheat":171,"minecraft:cooked_beef":5,"minecraft:oak_slab":12,"minecraft:crafting_table":7,"minecraft:spruce_planks":52,"minecraft:wooden_pickaxe":1,"minecraft:iron_sword":1,"minecraft:bucket":1,"minecraft:stone_axe":3,"minecraft:bread":57,"minecraft:air":0,"minecraft:oak_fence_gate":4,"minecraft:oak_boat":2,"minecraft:iron_chestplate":1,"minecraft:shield":1,"minecraft:stick":164,"minecraft:iron_ingot":41,"minecraft:iron_pickaxe":3,"minecraft:wooden_axe":1,"minecraft:iron_shovel":1,"minecraft:iron_leggings":1,"minecraft:white_bed":1,"minecraft:composter":3,"minecraft:spruce_fence_gate":1,"minecraft:torch":96}},"DataVersion":3953}