{"stats":{"minecraft:crafted":{"minecraft:stone_shovel":1,"minecraft:crafting_table":3,"minecraft:spruce_planks":52,"minecraft:wooden_pickaxe":1,"minecraft:bucket":1,"minecraft:stone_axe":1,"minecraft:bread":27,"minecraft:stick":20,"minecraft:stone_pickaxe":1,"minecraft:wooden_axe":1,"minecraft:iron_shovel":1,"minecraft:white_bed":1,"minecraft:stone_hoe":3,"minecraft:wheat":81},"minecraft:dropped":{"minecraft:dirt":1,"minecraft:snowball":16,"minecraft:beef":2,"minecraft:dandelion":1},"minecraft:custom":{"minecraft:mob_kills":38,"minecraft:interact_with_crafting_table":13,"minecraft:open_barrel":3,"minecraft:leave_game":5,"minecraft:time_since_death":111983,"minecraft:sleep_in_bed":8,"minecraft:climb_one_cm":427,"minecraft:time_since_rest":9595,"minecraft:sprint_one_cm":590636,"minecraft:damage_taken":465,"minecraft:walk_one_cm":183530,"minecraft:drop":5,"minecraft:damage_dealt":4674,"minecraft:swim_one_cm":50296,"minecraft:fly_one_cm":1460070,"minecraft:open_chest":9,"minecraft:crouch_one_cm":575,"minecraft:play_time":111983,"minecraft:sneak_time":313,"minecraft:walk_under_water_one_cm":13418,"minecraft:jump":5228,"minecraft:walk_on_water_one_cm":19084,"minecraft:total_world_time":111983,"minecraft:fall_one_cm":153144},"minecraft:broken":{"minecraft:stone_shovel":1,"minecraft:stone_hoe":1},"minecraft:mined":{"minecraft:spruce_planks":1,"minecraft:white_bed":8,"minecraft:farmland":5,"minecraft:dandelion":3,"minecraft:crafting_table":3,"minecraft:short_grass":95,"minecraft:grass_block":33,"minecraft:poppy":1,"minecraft:dead_bush":1,"minecraft:tall_grass":10,"minecraft:cobblestone":15,"minecraft:spruce_leaves":8,"minecraft:sugar_cane":1,"minecraft:large_fern":1,"minecraft:hay_block":9,"minecraft:iron_ore":11,"minecraft:fire":1,"minecraft:snow":129,"minecraft:ice":15,"minecraft:spruce_log":14,"minecraft:andesite":12,"minecraft:birch_leaves":1,"minecraft:azure_bluet":1,"minecraft:coal_ore":15,"minecraft:oak_log":6,"minecraft:gravel":5,"minecraft:sunflower":4,"minecraft:dirt":16,"minecraft:stone":67,"minecraft:oak_leaves":2},"minecraft:used":{"minecraft:water_bucket":41,"minecraft:iron_shovel":35,"minecraft:stone_pickaxe":141,"minecraft:stone_shovel":131,"minecraft:spruce_planks":8,"minecraft:wooden_pickaxe":15,"minecraft:stone_hoe":275,"minecraft:dirt":6,"minecraft:mutton":5,"minecraft:crafting_table":6,"minecraft:white_bed":8,"minecraft:wooden_axe":12,"minecraft:bread":12,"minecraft:stone_axe":71,"minecraft:cobblestone":59,"minecraft:beef":54,"minecraft:porkchop":9,"minecraft:bucket":41},"minecraft:killed":{"minecraft:pig":6,"minecraft:iron_golem":1,"minecraft:sheep":3,"minecraft:cow":28},"minecraft:picked_up":{"minecraft:crafting_table":3,"minecraft:azure_bluet":1,"minecraft:andesite":12,"minecraft:leather":23,"minecraft:oak_log":6,"minecraft:dirt":54,"minecraft:wheat_seeds":14,"minecraft:rabbit_hide":2,"minecraft:spruce_planks":1,"minecraft:iron_ingot":4,"minecraft:beef":57,"minecraft:poppy":2,"minecraft:rabbit":2,"minecraft:sugar_cane":11,"minecraft:stick":2,"minecraft:raw_iron":11,"minecraft:dandelion":5,"minecraft:gravel":5,"minecraft:porkchop":9,"minecraft:white_bed":8,"minecraft:spruce_log":13,"minecraft:hay_block":9,"minecraft:coal":15,"minecraft:mutton":5,"minecraft:snowball":128,"minecraft:white_wool":3,"minecraft:cobblestone":82}},"DataVersion":3953}