{"stats":{"minecraft:picked_up":{"minecraft:stick":2,"minecraft:crafting_table":3,"minecraft:leather":6,"minecraft:porkchop":9,"minecraft:white_bed":1,"minecraft:spruce_log":13,"minecraft:dirt":7,"minecraft:wheat_seeds":2,"minecraft:rabbit_hide":2,"minecraft:spruce_planks":1,"minecraft:beef":28,"minecraft:iron_ingot":4,"minecraft:poppy":1,"minecraft:rabbit":2,"minecraft:sugar_cane":11,"minecraft:mutton":5,"minecraft:snowball":128,"minecraft:white_wool":3,"minecraft:cobblestone":18},"minecraft:crafted":{"minecraft:stone_shovel":1,"minecraft:crafting_table":2,"minecraft:spruce_planks":52,"minecraft:stick":20,"minecraft:wooden_pickaxe":1,"minecraft:stone_pickaxe":1,"minecraft:wooden_axe":1,"minecraft:white_bed":1,"minecraft:bucket":1,"minecraft:stone_hoe":1,"minecraft:stone_axe":1},"minecraft:dropped":{"minecraft:snowball":16,"minecraft:beef":2},"minecraft:used":{"minecraft:wooden_axe":12,"minecraft:water_bucket":1,"minecraft:stone_shovel":131,"minecraft:bread":6,"minecraft:stone_pickaxe":14,"minecraft:wooden_pickaxe":15,"minecraft:stone_hoe":110,"minecraft:stone_axe":46,"minecraft:dirt":5,"minecraft:cobblestone":3,"minecraft:beef":20,"minecraft:crafting_table":4,"minecraft:bucket":2,"minecraft:white_bed":1},"minecraft:custom":{"minecraft:time_since_rest":6641,"minecraft:sprint_one_cm":280881,"minecraft:damage_taken":105,"minecraft:walk_one_cm":65132,"minecraft:mob_kills":23,"minecraft:drop":3,"minecraft:damage_dealt":3174,"minecraft:swim_one_cm":23268,"minecraft:interact_with_crafting_table":10,"minecraft:fly_one_cm":592782,"minecraft:open_barrel":3,"minecraft:open_chest":6,"minecraft:crouch_one_cm":440,"minecraft:play_time":45346,"minecraft:sneak_time":197,"minecraft:walk_under_water_one_cm":4253,"minecraft:jump":1922,"minecraft:leave_game":3,"minecraft:time_since_death":45346,"minecraft:walk_on_water_one_cm":3979,"minecraft:sleep_in_bed":3,"minecraft:total_world_time":45346,"minecraft:fall_one_cm":53632},"minecraft:broken":{"minecraft:stone_shovel":1},"minecraft:mined":{"minecraft:spruce_planks":1,"minecraft:white_bed":1,"minecraft:farmland":4,"minecraft:fire":1,"minecraft:snow":129,"minecraft:ice":15,"minecraft:spruce_log":14,"minecraft:crafting_table":3,"minecraft:short_grass":13,"minecraft:grass_block":2,"minecraft:dead_bush":1,"minecraft:dirt":1,"minecraft:tall_grass":1,"minecraft:cobblestone":3,"minecraft:spruce_leaves":5,"minecraft:stone":15,"minecraft:sugar_cane":1},"minecraft:killed":{"minecraft:sheep":3,"minecraft:pig":6,"minecraft:iron_golem":1,"minecraft:cow":13}},"DataVersion":3953}