{"stats":{"minecraft:picked_up":{"minecraft:crafting_table":3,"minecraft:leather":19,"minecraft:dirt":7,"minecraft:wheat_seeds":11,"minecraft:rabbit_hide":2,"minecraft:spruce_planks":1,"minecraft:iron_ingot":4,"minecraft:beef":53,"minecraft:poppy":1,"minecraft:rabbit":2,"minecraft:sugar_cane":11,"minecraft:stick":2,"minecraft:raw_iron":4,"minecraft:dandelion":1,"minecraft:porkchop":9,"minecraft:white_bed":6,"minecraft:spruce_log":13,"minecraft:mutton":5,"minecraft:snowball":128,"minecraft:white_wool":3,"minecraft:cobblestone":18},"minecraft:crafted":{"minecraft:stone_shovel":1,"minecraft:crafting_table":2,"minecraft:spruce_planks":52,"minecraft:wooden_pickaxe":1,"minecraft:bucket":1,"minecraft:stone_axe":1,"minecraft:stick":20,"minecraft:stone_pickaxe":1,"minecraft:wooden_axe":1,"minecraft:white_bed":1,"minecraft:stone_hoe":1},"minecraft:dropped":{"minecraft:dirt":1,"minecraft:snowball":16,"minecraft:beef":2},"minecraft:used":{"minecraft:water_bucket":31,"minecraft:stone_shovel":131,"minecraft:stone_pickaxe":28,"minecraft:wooden_pickaxe":15,"minecraft:stone_hoe":110,"minecraft:dirt":6,"minecraft:crafting_table":4,"minecraft:white_bed":6,"minecraft:wooden_axe":12,"minecraft:bread":6,"minecraft:stone_axe":60,"minecraft:cobblestone":3,"minecraft:beef":51,"minecraft:porkchop":9,"minecraft:bucket":32},"minecraft:custom":{"minecraft:mob_kills":34,"minecraft:interact_with_crafting_table":10,"minecraft:open_barrel":3,"minecraft:leave_game":4,"minecraft:time_since_death":84211,"minecraft:sleep_in_bed":6,"minecraft:climb_one_cm":427,"minecraft:time_since_rest":8233,"minecraft:sprint_one_cm":497364,"minecraft:damage_taken":395,"minecraft:walk_one_cm":90663,"minecraft:drop":4,"minecraft:damage_dealt":4274,"minecraft:swim_one_cm":41844,"minecraft:fly_one_cm":1250181,"minecraft:open_chest":6,"minecraft:crouch_one_cm":538,"minecraft:play_time":84211,"minecraft:sneak_time":268,"minecraft:walk_under_water_one_cm":9581,"minecraft:jump":4305,"minecraft:walk_on_water_one_cm":13877,"minecraft:total_world_time":84211,"minecraft:fall_one_cm":122245},"minecraft:broken":{"minecraft:stone_shovel":1},"minecraft:mined":{"minecraft:spruce_planks":1,"minecraft:white_bed":6,"minecraft:farmland":4,"minecraft:dandelion":1,"minecraft:crafting_table":3,"minecraft:short_grass":52,"minecraft:grass_block":2,"minecraft:dead_bush":1,"minecraft:tall_grass":10,"minecraft:cobblestone":3,"minecraft:spruce_leaves":5,"minecraft:sugar_cane":1,"minecraft:large_fern":1,"minecraft:iron_ore":4,"minecraft:fire":1,"minecraft:snow":129,"minecraft:ice":15,"minecraft:spruce_log":14,"minecraft:birch_leaves":1,"minecraft:sunflower":4,"minecraft:dirt":1,"minecraft:stone":15,"minecraft:oak_leaves":2},"minecraft:killed":{"minecraft:pig":6,"minecraft:iron_golem":1,"minecraft:sheep":3,"minecraft:cow":24}},"DataVersion":3953}