{"stats":{"minecraft:killed":{"minecraft:skeleton":1,"minecraft:pig":6,"minecraft:iron_golem":1,"minecraft:wandering_trader":1,"minecraft:sheep":3,"minecraft:trader_llama":2,"minecraft:zombie":1,"minecraft:cow":28},"minecraft:mined":{"minecraft:spruce_planks":3,"minecraft:white_bed":31,"minecraft:farmland":5,"minecraft:granite":38,"minecraft:grass_block":63,"minecraft:spruce_leaves":8,"minecraft:composter":1,"minecraft:large_fern":1,"minecraft:hay_block":9,"minecraft:oak_trapdoor":1,"minecraft:iron_ore":12,"minecraft:fire":1,"minecraft:snow":129,"minecraft:andesite":17,"minecraft:azure_bluet":1,"minecraft:cobblestone_slab":1,"minecraft:dirt_path":4,"minecraft:stone":415,"minecraft:dandelion":3,"minecraft:crafting_table":5,"minecraft:short_grass":133,"minecraft:poppy":1,"minecraft:dead_bush":1,"minecraft:tall_grass":14,"minecraft:copper_ore":5,"minecraft:cobblestone":41,"minecraft:sugar_cane":1,"minecraft:diorite":16,"minecraft:wall_torch":3,"minecraft:wheat":1,"minecraft:ice":15,"minecraft:spruce_log":14,"minecraft:birch_leaves":1,"minecraft:yellow_bed":3,"minecraft:oak_log":39,"minecraft:coal_ore":37,"minecraft:sunflower":4,"minecraft:gravel":5,"minecraft:dirt":47,"minecraft:oak_leaves":2},"minecraft:broken":{"minecraft:stone_hoe":1,"minecraft:stone_pickaxe":4,"minecraft:golden_axe":1,"minecraft:stone_shovel":1},"minecraft:custom":{"minecraft:mob_kills":43,"minecraft:interact_with_crafting_table":31,"minecraft:open_barrel":3,"minecraft:leave_game":6,"minecraft:time_since_death":65624,"minecraft:climb_one_cm":7688,"minecraft:sprint_one_cm":743768,"minecraft:walk_one_cm":393943,"minecraft:drop":32,"minecraft:talked_to_villager":8,"minecraft:play_time":198429,"minecraft:deaths":1,"minecraft:sneak_time":1299,"minecraft:walk_under_water_one_cm":26303,"minecraft:boat_one_cm":40538,"minecraft:jump":6528,"minecraft:walk_on_water_one_cm":27518,"minecraft:total_world_time":198429,"minecraft:sleep_in_bed":15,"minecraft:time_since_rest":608,"minecraft:damage_taken":987,"minecraft:damage_dealt":5674,"minecraft:swim_one_cm":64901,"minecraft:fly_one_cm":1721308,"minecraft:open_chest":10,"minecraft:crouch_one_cm":3605,"minecraft:fall_one_cm":183664},"minecraft:used":{"minecraft:oak_trapdoor":3,"minecraft:iron_shovel":120,"minecraft:spruce_slab":3,"minecraft:stone_shovel":131,"minecraft:ladder":19,"minecraft:spruce_planks":8,"minecraft:stone_hoe":329,"minecraft:torch":16,"minecraft:dirt":33,"minecraft:mutton":5,"minecraft:oak_fence_gate":4,"minecraft:wooden_axe":23,"minecraft:beef":54,"minecraft:golden_axe":24,"minecraft:wheat_seeds":18,"minecraft:water_bucket":74,"minecraft:diorite":1,"minecraft:stone_pickaxe":608,"minecraft:oak_planks":3,"minecraft:wooden_pickaxe":15,"minecraft:composter":3,"minecraft:cobblestone_slab":66,"minecraft:oak_slab":1,"minecraft:crafting_table":10,"minecraft:white_bed":32,"minecraft:bread":26,"minecraft:stone_axe":93,"minecraft:cobblestone":193,"minecraft:porkchop":9,"minecraft:bucket":75,"minecraft:yellow_bed":3,"minecraft:oak_boat":11},"minecraft:picked_up":{"minecraft:wooden_axe":1,"minecraft:crafting_table":5,"minecraft:azure_bluet":1,"minecraft:lead":2,"minecraft:oak_trapdoor":1,"minecraft:raw_copper":17,"minecraft:flint_and_steel":1,"minecraft:iron_shovel":1,"minecraft:bucket":1,"minecraft:spruce_planks":7,"minecraft:beef":57,"minecraft:oak_boat":11,"minecraft:cobblestone_slab":2,"minecraft:poppy":2,"minecraft:spruce_slab":1,"minecraft:sugar_cane":11,"minecraft:stick":2,"minecraft:raw_iron":12,"minecraft:composter":3,"minecraft:torch":4,"minecraft:porkchop":9,"minecraft:fire_charge":6,"minecraft:snow_block":1,"minecraft:golden_axe":1,"minecraft:diorite":31,"minecraft:golden_chestplate":1,"minecraft:rotten_flesh":6,"minecraft:hay_block":9,"minecraft:mutton":5,"minecraft:cobblestone":498,"minecraft:snowball":128,"minecraft:white_wool":3,"minecraft:andesite":17,"minecraft:leather":27,"minecraft:oak_log":38,"minecraft:yellow_bed":3,"minecraft:dirt":117,"minecraft:wheat_seeds":25,"minecraft:stone_pickaxe":1,"minecraft:rabbit_hide":6,"minecraft:iron_ingot":4,"minecraft:rabbit":2,"minecraft:oak_planks":10,"minecraft:stone_hoe":1,"minecraft:dandelion":5,"minecraft:gravel":5,"minecraft:white_bed":32,"minecraft:spruce_log":13,"minecraft:stone_axe":1,"minecraft:iron_helmet":1,"minecraft:granite":38,"minecraft:bread":22,"minecraft:coal":54},"minecraft:killed_by":{"minecraft:skeleton":1},"minecraft:dropped":{"minecraft:bread":6,"minecraft:wheat_seeds":4,"minecraft:lead":2,"minecraft:dirt":34,"minecraft:snowball":16,"minecraft:fire_charge":6,"minecraft:dandelion":1,"minecraft:rotten_flesh":4,"minecraft:azure_bluet":1,"minecraft:rabbit_hide":2,"minecraft:beef":2,"minecraft:stone_pickaxe":1},"minecraft:crafted":{"minecraft:oak_planks":152,"minecraft:stone_shovel":1,"minecraft:cobblestone_slab":84,"minecraft:oak_trapdoor":2,"minecraft:ladder":24,"minecraft:spruce_slab":24,"minecraft:stone_pickaxe":7,"minecraft:chest":2,"minecraft:stone_hoe":3,"minecraft:wheat":81,"minecraft:oak_slab":6,"minecraft:crafting_table":5,"minecraft:spruce_planks":52,"minecraft:wooden_pickaxe":1,"minecraft:bucket":1,"minecraft:stone_axe":3,"minecraft:bread":27,"minecraft:oak_fence_gate":4,"minecraft:oak_boat":1,"minecraft:stick":116,"minecraft:wooden_axe":1,"minecraft:iron_shovel":1,"minecraft:white_bed":1,"minecraft:composter":3,"minecraft:spruce_fence_gate":1,"minecraft:torch":16}},"DataVersion":3953}