{"stats":{"minecraft:broken":{"minecraft:stone_hoe":1,"minecraft:stone_pickaxe":6,"minecraft:golden_axe":1,"minecraft:stone_shovel":1},"minecraft:dropped":{"minecraft:bread":6,"minecraft:oak_slab":5,"minecraft:wheat_seeds":5,"minecraft:cobblestone":82,"minecraft:lead":2,"minecraft:granite":18,"minecraft:dirt":34,"minecraft:diorite":25,"minecraft:snowball":16,"minecraft:fire_charge":6,"minecraft:dandelion":1,"minecraft:rotten_flesh":6,"minecraft:azure_bluet":1,"minecraft:rabbit_hide":2,"minecraft:spruce_slab":1,"minecraft:beef":2,"minecraft:stone_pickaxe":1},"minecraft:killed_by":{"minecraft:creeper":1,"minecraft:skeleton":2,"minecraft:zombie":1},"minecraft:custom":{"minecraft:mob_kills":46,"minecraft:interact_with_crafting_table":48,"minecraft:open_barrel":3,"minecraft:leave_game":12,"minecraft:time_since_death":33008,"minecraft:climb_one_cm":7688,"minecraft:sprint_one_cm":896657,"minecraft:walk_one_cm":503758,"minecraft:drop":42,"minecraft:talked_to_villager":8,"minecraft:play_time":272867,"minecraft:deaths":4,"minecraft:sneak_time":1616,"minecraft:walk_under_water_one_cm":26832,"minecraft:boat_one_cm":92527,"minecraft:jump":7754,"minecraft:walk_on_water_one_cm":40069,"minecraft:total_world_time":272867,"minecraft:interact_with_furnace":17,"minecraft:sleep_in_bed":18,"minecraft:time_since_rest":15060,"minecraft:damage_taken":2011,"minecraft:damage_dealt":6030,"minecraft:swim_one_cm":71082,"minecraft:fly_one_cm":1965688,"minecraft:open_chest":13,"minecraft:crouch_one_cm":4535,"minecraft:fall_one_cm":209170},"minecraft:used":{"minecraft:oak_trapdoor":3,"minecraft:iron_shovel":120,"minecraft:spruce_slab":3,"minecraft:stone_shovel":131,"minecraft:ladder":19,"minecraft:chest":2,"minecraft:spruce_planks":8,"minecraft:iron_sword":3,"minecraft:stone_hoe":329,"minecraft:torch":56,"minecraft:dirt":33,"minecraft:mutton":5,"minecraft:oak_fence_gate":4,"minecraft:wooden_axe":23,"minecraft:beef":56,"minecraft:furnace":1,"minecraft:golden_axe":24,"minecraft:wheat_seeds":20,"minecraft:water_bucket":85,"minecraft:diorite":1,"minecraft:stone_pickaxe":935,"minecraft:oak_planks":3,"minecraft:wooden_pickaxe":15,"minecraft:composter":3,"minecraft:cauldron":2,"minecraft:cobblestone_slab":66,"minecraft:oak_slab":1,"minecraft:crafting_table":12,"minecraft:white_bed":33,"minecraft:bread":34,"minecraft:stone_axe":135,"minecraft:cobblestone":262,"minecraft:porkchop":9,"minecraft:bucket":86,"minecraft:yellow_bed":3,"minecraft:oak_boat":17},"minecraft:mined":{"minecraft:spruce_planks":3,"minecraft:white_bed":32,"minecraft:farmland":5,"minecraft:granite":56,"minecraft:grass_block":67,"minecraft:spruce_leaves":8,"minecraft:composter":1,"minecraft:large_fern":1,"minecraft:hay_block":19,"minecraft:oak_trapdoor":1,"minecraft:iron_ore":42,"minecraft:fire":1,"minecraft:snow":129,"minecraft:andesite":27,"minecraft:azure_bluet":1,"minecraft:water_cauldron":1,"minecraft:cobblestone_slab":1,"minecraft:dirt_path":4,"minecraft:stone":627,"minecraft:spruce_slab":2,"minecraft:oak_slab":1,"minecraft:dandelion":3,"minecraft:crafting_table":6,"minecraft:short_grass":161,"minecraft:poppy":1,"minecraft:dead_bush":1,"minecraft:tall_grass":14,"minecraft:copper_ore":5,"minecraft:cobblestone":43,"minecraft:oak_planks":2,"minecraft:sugar_cane":1,"minecraft:diorite":24,"minecraft:wall_torch":4,"minecraft:cauldron":2,"minecraft:wheat":1,"minecraft:ice":15,"minecraft:spruce_log":14,"minecraft:birch_leaves":1,"minecraft:yellow_bed":3,"minecraft:oak_log":59,"minecraft:coal_ore":59,"minecraft:sunflower":4,"minecraft:gravel":6,"minecraft:dirt":66,"minecraft:oak_leaves":5},"minecraft:crafted":{"minecraft:oak_planks":232,"minecraft:stone_shovel":1,"minecraft:cobblestone_slab":84,"minecraft:furnace":1,"minecraft:oak_trapdoor":2,"minecraft:iron_boots":1,"minecraft:iron_axe":1,"minecraft:ladder":24,"minecraft:spruce_slab":24,"minecraft:stone_pickaxe":9,"minecraft:chest":2,"minecraft:stone_hoe":3,"minecraft:wheat":171,"minecraft:oak_slab":6,"minecraft:crafting_table":6,"minecraft:spruce_planks":52,"minecraft:wooden_pickaxe":1,"minecraft:iron_sword":1,"minecraft:bucket":1,"minecraft:stone_axe":3,"minecraft:bread":57,"minecraft:air":0,"minecraft:oak_fence_gate":4,"minecraft:oak_boat":2,"minecraft:iron_chestplate":1,"minecraft:shield":1,"minecraft:stick":144,"minecraft:iron_ingot":30,"minecraft:iron_pickaxe":1,"minecraft:wooden_axe":1,"minecraft:iron_shovel":1,"minecraft:iron_leggings":1,"minecraft:white_bed":1,"minecraft:composter":3,"minecraft:spruce_fence_gate":1,"minecraft:torch":64},"minecraft:killed":{"minecraft:skeleton":1,"minecraft:pig":6,"minecraft:iron_golem":1,"minecraft:wandering_trader":1,"minecraft:sheep":3,"minecraft:trader_llama":2,"minecraft:zombie":3,"minecraft:cow":29},"minecraft:picked_up":{"minecraft:wooden_axe":3,"minecraft:crafting_table":6,"minecraft:azure_bluet":1,"minecraft:ladder":10,"minecraft:lead":2,"minecraft:oak_trapdoor":1,"minecraft:raw_copper":17,"minecraft:flint_and_steel":3,"minecraft:iron_shovel":1,"minecraft:bucket":1,"minecraft:spruce_planks":7,"minecraft:beef":60,"minecraft:oak_boat":17,"minecraft:cobblestone_slab":42,"minecraft:poppy":2,"minecraft:spruce_slab":2,"minecraft:sugar_cane":11,"minecraft:chest":4,"minecraft:stick":6,"minecraft:raw_iron":56,"minecraft:composter":5,"minecraft:torch":11,"minecraft:snow_block":1,"minecraft:fire_charge":6,"minecraft:porkchop":9,"minecraft:golden_axe":1,"minecraft:diorite":71,"minecraft:golden_chestplate":3,"minecraft:cauldron":3,"minecraft:rotten_flesh":10,"minecraft:hay_block":19,"minecraft:mutton":5,"minecraft:cobblestone":1252,"minecraft:snowball":128,"minecraft:white_wool":3,"minecraft:water_bucket":2,"minecraft:andesite":43,"minecraft:leather":37,"minecraft:oak_log":58,"minecraft:yellow_bed":3,"minecraft:dirt":150,"minecraft:wheat_seeds":26,"minecraft:stone_pickaxe":4,"minecraft:rabbit_hide":10,"minecraft:iron_ingot":4,"minecraft:rabbit":2,"minecraft:oak_planks":205,"minecraft:stone_hoe":1,"minecraft:oak_slab":10,"minecraft:dandelion":5,"minecraft:gravel":5,"minecraft:white_bed":33,"minecraft:spruce_log":13,"minecraft:spruce_fence_gate":2,"minecraft:stone_axe":7,"minecraft:iron_helmet":3,"minecraft:granite":68,"minecraft:bread":33,"minecraft:coal":142}},"DataVersion":3953}