{"stats":{"minecraft:crafted":{"minecraft:oak_planks":24,"minecraft:stone_shovel":1,"minecraft:crafting_table":3,"minecraft:spruce_planks":52,"minecraft:wooden_pickaxe":1,"minecraft:bucket":1,"minecraft:stone_axe":1,"minecraft:bread":27,"minecraft:oak_trapdoor":2,"minecraft:oak_boat":1,"minecraft:spruce_slab":24,"minecraft:stick":24,"minecraft:stone_pickaxe":3,"minecraft:wooden_axe":1,"minecraft:iron_shovel":1,"minecraft:white_bed":1,"minecraft:composter":3,"minecraft:torch":8,"minecraft:stone_hoe":3,"minecraft:wheat":81},"minecraft:dropped":{"minecraft:bread":6,"minecraft:azure_bluet":1,"minecraft:dirt":1,"minecraft:snowball":16,"minecraft:beef":2,"minecraft:dandelion":1},"minecraft:custom":{"minecraft:mob_kills":43,"minecraft:interact_with_crafting_table":18,"minecraft:open_barrel":3,"minecraft:leave_game":5,"minecraft:time_since_death":21178,"minecraft:sleep_in_bed":11,"minecraft:climb_one_cm":427,"minecraft:time_since_rest":8465,"minecraft:sprint_one_cm":682198,"minecraft:damage_taken":917,"minecraft:walk_one_cm":296143,"minecraft:drop":12,"minecraft:damage_dealt":5664,"minecraft:talked_to_villager":5,"minecraft:swim_one_cm":50296,"minecraft:fly_one_cm":1614019,"minecraft:open_chest":10,"minecraft:crouch_one_cm":1354,"minecraft:play_time":153983,"minecraft:deaths":1,"minecraft:sneak_time":576,"minecraft:walk_under_water_one_cm":13418,"minecraft:boat_one_cm":34310,"minecraft:jump":6019,"minecraft:walk_on_water_one_cm":20730,"minecraft:total_world_time":153983,"minecraft:fall_one_cm":172317},"minecraft:killed_by":{"minecraft:skeleton":1},"minecraft:mined":{"minecraft:spruce_planks":3,"minecraft:white_bed":21,"minecraft:farmland":5,"minecraft:dandelion":3,"minecraft:crafting_table":3,"minecraft:short_grass":126,"minecraft:grass_block":56,"minecraft:poppy":1,"minecraft:dead_bush":1,"minecraft:copper_ore":5,"minecraft:tall_grass":12,"minecraft:cobblestone":16,"minecraft:spruce_leaves":8,"minecraft:composter":1,"minecraft:sugar_cane":1,"minecraft:diorite":16,"minecraft:wall_torch":1,"minecraft:large_fern":1,"minecraft:hay_block":9,"minecraft:oak_trapdoor":1,"minecraft:iron_ore":12,"minecraft:fire":1,"minecraft:snow":129,"minecraft:ice":15,"minecraft:spruce_log":14,"minecraft:andesite":13,"minecraft:birch_leaves":1,"minecraft:yellow_bed":3,"minecraft:azure_bluet":1,"minecraft:coal_ore":19,"minecraft:oak_log":6,"minecraft:dirt_path":4,"minecraft:gravel":5,"minecraft:sunflower":4,"minecraft:dirt":21,"minecraft:stone":201,"minecraft:oak_leaves":2},"minecraft:broken":{"minecraft:stone_pickaxe":2,"minecraft:stone_shovel":1,"minecraft:stone_hoe":1},"minecraft:used":{"minecraft:wheat_seeds":18,"minecraft:oak_trapdoor":3,"minecraft:water_bucket":43,"minecraft:diorite":1,"minecraft:iron_shovel":90,"minecraft:spruce_slab":2,"minecraft:stone_pickaxe":306,"minecraft:stone_shovel":131,"minecraft:oak_planks":3,"minecraft:spruce_planks":8,"minecraft:wooden_pickaxe":15,"minecraft:composter":3,"minecraft:stone_hoe":325,"minecraft:torch":9,"minecraft:dirt":29,"minecraft:mutton":5,"minecraft:crafting_table":6,"minecraft:white_bed":21,"minecraft:wooden_axe":18,"minecraft:bread":20,"minecraft:stone_axe":76,"minecraft:cobblestone":122,"minecraft:beef":54,"minecraft:porkchop":9,"minecraft:bucket":44,"minecraft:yellow_bed":3,"minecraft:oak_boat":9,"minecraft:golden_axe":10},"minecraft:killed":{"minecraft:pig":6,"minecraft:iron_golem":1,"minecraft:wandering_trader":1,"minecraft:skeleton":1,"minecraft:sheep":3,"minecraft:trader_llama":2,"minecraft:zombie":1,"minecraft:cow":28},"minecraft:picked_up":{"minecraft:wooden_axe":1,"minecraft:crafting_table":3,"minecraft:azure_bluet":1,"minecraft:andesite":13,"minecraft:leather":27,"minecraft:lead":2,"minecraft:oak_log":6,"minecraft:yellow_bed":3,"minecraft:oak_trapdoor":1,"minecraft:dirt":86,"minecraft:raw_copper":17,"minecraft:flint_and_steel":1,"minecraft:iron_shovel":1,"minecraft:wheat_seeds":19,"minecraft:bucket":1,"minecraft:rabbit_hide":4,"minecraft:spruce_planks":7,"minecraft:iron_ingot":4,"minecraft:beef":57,"minecraft:spruce_slab":1,"minecraft:oak_boat":10,"minecraft:poppy":2,"minecraft:rabbit":2,"minecraft:sugar_cane":11,"minecraft:oak_planks":10,"minecraft:stone_hoe":1,"minecraft:stick":2,"minecraft:raw_iron":12,"minecraft:composter":3,"minecraft:torch":2,"minecraft:dandelion":5,"minecraft:golden_axe":1,"minecraft:fire_charge":3,"minecraft:snow_block":1,"minecraft:gravel":5,"minecraft:porkchop":9,"minecraft:diorite":31,"minecraft:white_bed":22,"minecraft:spruce_log":13,"minecraft:golden_chestplate":1,"minecraft:rotten_flesh":4,"minecraft:stone_axe":1,"minecraft:iron_helmet":1,"minecraft:hay_block":9,"minecraft:bread":22,"minecraft:coal":36,"minecraft:mutton":5,"minecraft:snowball":128,"minecraft:white_wool":3,"minecraft:cobblestone":262}},"DataVersion":3953}