{"stats":{"minecraft:picked_up":{"minecraft:crafting_table":3,"minecraft:stick":2,"minecraft:raw_iron":4,"minecraft:leather":12,"minecraft:porkchop":9,"minecraft:white_bed":3,"minecraft:spruce_log":13,"minecraft:dirt":7,"minecraft:wheat_seeds":11,"minecraft:spruce_planks":1,"minecraft:rabbit_hide":2,"minecraft:beef":37,"minecraft:iron_ingot":4,"minecraft:poppy":1,"minecraft:rabbit":2,"minecraft:sugar_cane":11,"minecraft:mutton":5,"minecraft:snowball":128,"minecraft:white_wool":3,"minecraft:cobblestone":18},"minecraft:crafted":{"minecraft:stone_shovel":1,"minecraft:crafting_table":2,"minecraft:spruce_planks":52,"minecraft:stick":20,"minecraft:wooden_pickaxe":1,"minecraft:stone_pickaxe":1,"minecraft:wooden_axe":1,"minecraft:white_bed":1,"minecraft:bucket":1,"minecraft:stone_hoe":1,"minecraft:stone_axe":1},"minecraft:dropped":{"minecraft:dirt":1,"minecraft:snowball":16,"minecraft:beef":2},"minecraft:used":{"minecraft:wooden_axe":12,"minecraft:water_bucket":13,"minecraft:stone_pickaxe":28,"minecraft:stone_shovel":131,"minecraft:bread":6,"minecraft:wooden_pickaxe":15,"minecraft:stone_hoe":110,"minecraft:stone_axe":53,"minecraft:cobblestone":3,"minecraft:dirt":6,"minecraft:beef":34,"minecraft:crafting_table":4,"minecraft:bucket":14,"minecraft:white_bed":3},"minecraft:custom":{"minecraft:time_since_rest":8460,"minecraft:sprint_one_cm":345675,"minecraft:damage_taken":155,"minecraft:walk_one_cm":74837,"minecraft:mob_kills":27,"minecraft:drop":4,"minecraft:damage_dealt":3574,"minecraft:swim_one_cm":33567,"minecraft:interact_with_crafting_table":10,"minecraft:fly_one_cm":838647,"minecraft:open_barrel":3,"minecraft:open_chest":6,"minecraft:crouch_one_cm":538,"minecraft:play_time":60211,"minecraft:sneak_time":256,"minecraft:walk_under_water_one_cm":5105,"minecraft:jump":2821,"minecraft:leave_game":4,"minecraft:time_since_death":60211,"minecraft:walk_on_water_one_cm":7171,"minecraft:sleep_in_bed":4,"minecraft:total_world_time":60211,"minecraft:fall_one_cm":81265},"minecraft:broken":{"minecraft:stone_shovel":1},"minecraft:mined":{"minecraft:spruce_planks":1,"minecraft:white_bed":3,"minecraft:farmland":4,"minecraft:iron_ore":4,"minecraft:fire":1,"minecraft:snow":129,"minecraft:ice":15,"minecraft:spruce_log":14,"minecraft:crafting_table":3,"minecraft:short_grass":49,"minecraft:grass_block":2,"minecraft:dead_bush":1,"minecraft:sunflower":3,"minecraft:dirt":1,"minecraft:tall_grass":9,"minecraft:cobblestone":3,"minecraft:spruce_leaves":5,"minecraft:stone":15,"minecraft:sugar_cane":1},"minecraft:killed":{"minecraft:sheep":3,"minecraft:pig":6,"minecraft:iron_golem":1,"minecraft:cow":17}},"DataVersion":3953}