{"stats":{"minecraft:dropped":{"minecraft:potato":5,"minecraft:leather_leggings":2},"minecraft:used":{"minecraft:cooked_mutton":2,"minecraft:leather_leggings":1,"minecraft:stone_pickaxe":57,"minecraft:oak_planks":3,"minecraft:shield":1,"minecraft:wooden_pickaxe":6,"minecraft:white_wool":1,"minecraft:salmon":1,"minecraft:torch":8,"minecraft:dirt":26,"minecraft:oak_slab":1,"minecraft:crafting_table":5,"minecraft:white_bed":1,"minecraft:obsidian":2,"minecraft:bread":3,"minecraft:gravel":4,"minecraft:stone_axe":25,"minecraft:cobblestone":29,"minecraft:beef":2,"minecraft:furnace":1,"minecraft:yellow_bed":3,"minecraft:oak_boat":4,"minecraft:potato":12,"minecraft:bone_meal":8},"minecraft:killed":{"minecraft:salmon":16,"minecraft:sheep":1,"minecraft:cow":1},"minecraft:killed_by":{"minecraft:player":1},"minecraft:mined":{"minecraft:oak_slab":1,"minecraft:white_bed":1,"minecraft:farmland":1,"minecraft:crafting_table":4,"minecraft:ladder":1,"minecraft:short_grass":12,"minecraft:grass_block":11,"minecraft:cobblestone":30,"minecraft:spruce_leaves":7,"minecraft:sugar_cane":8,"minecraft:large_fern":2,"minecraft:iron_ore":2,"minecraft:ice":1,"minecraft:yellow_bed":3,"minecraft:coal_ore":20,"minecraft:potatoes":4,"minecraft:oak_log":13,"minecraft:gravel":5,"minecraft:dirt":14,"minecraft:packed_ice":5,"minecraft:stone":10,"minecraft:oak_leaves":2},"minecraft:custom":{"minecraft:interact_with_furnace":4,"minecraft:mob_kills":18,"minecraft:interact_with_crafting_table":9,"minecraft:leave_game":4,"minecraft:time_since_death":22020,"minecraft:sleep_in_bed":2,"minecraft:climb_one_cm":3856,"minecraft:time_since_rest":1886,"minecraft:sprint_one_cm":143351,"minecraft:damage_taken":984,"minecraft:walk_one_cm":55593,"minecraft:damage_blocked_by_shield":278,"minecraft:drop":7,"minecraft:damage_dealt":732,"minecraft:talked_to_villager":1,"minecraft:swim_one_cm":32270,"minecraft:fly_one_cm":375640,"minecraft:open_chest":2,"minecraft:crouch_one_cm":8101,"minecraft:play_time":51422,"minecraft:deaths":3,"minecraft:sneak_time":5012,"minecraft:walk_under_water_one_cm":12218,"minecraft:boat_one_cm":29521,"minecraft:jump":1409,"minecraft:walk_on_water_one_cm":14311,"minecraft:total_world_time":51422,"minecraft:fall_one_cm":44994},"minecraft:broken":{"minecraft:stone_pickaxe":1},"minecraft:crafted":{"minecraft:oak_planks":52,"minecraft:crafting_table":1,"minecraft:wooden_pickaxe":1,"minecraft:furnace":1,"minecraft:bone_meal":6,"minecraft:stone_axe":1,"minecraft:cooked_mutton":2,"minecraft:bread":3,"minecraft:air":0,"minecraft:oak_boat":1,"minecraft:shield":1,"minecraft:stick":8,"minecraft:iron_ingot":1,"minecraft:stone_pickaxe":1,"minecraft:torch":8},"minecraft:picked_up":{"minecraft:crafting_table":5,"minecraft:wheat":6,"minecraft:salmon":14,"minecraft:leather_leggings":3,"minecraft:leather":1,"minecraft:potato":16,"minecraft:flint":21,"minecraft:oak_log":13,"minecraft:lily_pad":8,"minecraft:yellow_bed":3,"minecraft:dirt":28,"minecraft:flint_and_steel":3,"minecraft:bone":2,"minecraft:wheat_seeds":1,"minecraft:beef":6,"minecraft:stone_pickaxe":1,"minecraft:oak_boat":7,"minecraft:iron_nugget":27,"minecraft:sugar_cane":72,"minecraft:oak_slab":1,"minecraft:raw_iron":2,"minecraft:gravel":4,"minecraft:fire_charge":3,"minecraft:white_bed":1,"minecraft:arrow":2,"minecraft:golden_hoe":3,"minecraft:bone_meal":2,"minecraft:mutton":2,"minecraft:obsidian":2,"minecraft:coal":20,"minecraft:white_wool":1,"minecraft:cobblestone":44}},"DataVersion":3953}