{"stats":{"minecraft:crafted":{"minecraft:oak_planks":12,"minecraft:crafting_table":1,"minecraft:bread":3},"minecraft:used":{"minecraft:leather_leggings":1,"minecraft:crafting_table":1,"minecraft:bread":2},"minecraft:picked_up":{"minecraft:crafting_table":1,"minecraft:oak_log":3,"minecraft:sugar_cane":5},"minecraft:custom":{"minecraft:time_since_rest":10098,"minecraft:open_chest":1,"minecraft:crouch_one_cm":303,"minecraft:play_time":10098,"minecraft:sprint_one_cm":38364,"minecraft:damage_taken":80,"minecraft:walk_one_cm":5752,"minecraft:sneak_time":381,"minecraft:walk_under_water_one_cm":2017,"minecraft:jump":398,"minecraft:leave_game":3,"minecraft:time_since_death":10098,"minecraft:walk_on_water_one_cm":3195,"minecraft:total_world_time":10098,"minecraft:swim_one_cm":16371,"minecraft:interact_with_crafting_table":3,"minecraft:fall_one_cm":8816,"minecraft:fly_one_cm":163164},"minecraft:mined":{"minecraft:short_grass":1,"minecraft:oak_log":3,"minecraft:packed_ice":3,"minecraft:ice":1,"minecraft:sugar_cane":1,"minecraft:crafting_table":1}},"DataVersion":3953}