{"stats":{"minecraft:crafted":{"minecraft:oak_boat":1,"minecraft:oak_planks":12,"minecraft:crafting_table":1,"minecraft:bread":3},"minecraft:used":{"minecraft:salmon":1,"minecraft:leather_leggings":1,"minecraft:crafting_table":2,"minecraft:bread":3,"minecraft:oak_boat":3,"minecraft:potato":1,"minecraft:gravel":2},"minecraft:killed":{"minecraft:salmon":1},"minecraft:picked_up":{"minecraft:crafting_table":2,"minecraft:salmon":1,"minecraft:gravel":2,"minecraft:oak_boat":3,"minecraft:lily_pad":2,"minecraft:oak_log":3,"minecraft:sugar_cane":18},"minecraft:custom":{"minecraft:time_since_rest":17566,"minecraft:open_chest":2,"minecraft:crouch_one_cm":303,"minecraft:play_time":17566,"minecraft:sprint_one_cm":65380,"minecraft:damage_taken":190,"minecraft:walk_one_cm":12235,"minecraft:sneak_time":389,"minecraft:walk_under_water_one_cm":3272,"minecraft:mob_kills":1,"minecraft:boat_one_cm":20124,"minecraft:jump":751,"minecraft:damage_dealt":30,"minecraft:leave_game":3,"minecraft:time_since_death":17566,"minecraft:walk_on_water_one_cm":6978,"minecraft:total_world_time":17566,"minecraft:swim_one_cm":19171,"minecraft:interact_with_crafting_table":4,"minecraft:fall_one_cm":19871,"minecraft:fly_one_cm":244659},"minecraft:mined":{"minecraft:short_grass":2,"minecraft:oak_log":3,"minecraft:gravel":2,"minecraft:packed_ice":5,"minecraft:ice":1,"minecraft:sugar_cane":8,"minecraft:crafting_table":2}},"DataVersion":3953}