{"stats":{"minecraft:killed":{"minecraft:salmon":1},"minecraft:crafted":{"minecraft:oak_boat":1,"minecraft:oak_planks":12,"minecraft:crafting_table":1,"minecraft:bone_meal":6,"minecraft:bread":3},"minecraft:used":{"minecraft:leather_leggings":1,"minecraft:stone_pickaxe":27,"minecraft:bread":3,"minecraft:oak_planks":3,"minecraft:gravel":2,"minecraft:salmon":1,"minecraft:dirt":17,"minecraft:cobblestone":26,"minecraft:oak_slab":1,"minecraft:beef":2,"minecraft:crafting_table":3,"minecraft:oak_boat":4,"minecraft:yellow_bed":3,"minecraft:potato":11,"minecraft:bone_meal":6,"minecraft:obsidian":2},"minecraft:broken":{"minecraft:stone_pickaxe":1},"minecraft:killed_by":{"minecraft:player":1},"minecraft:mined":{"minecraft:oak_slab":1,"minecraft:farmland":1,"minecraft:ice":1,"minecraft:yellow_bed":3,"minecraft:crafting_table":2,"minecraft:ladder":1,"minecraft:short_grass":9,"minecraft:grass_block":7,"minecraft:potatoes":3,"minecraft:oak_log":13,"minecraft:gravel":2,"minecraft:dirt":9,"minecraft:packed_ice":5,"minecraft:cobblestone":27,"minecraft:sugar_cane":8,"minecraft:oak_leaves":1},"minecraft:custom":{"minecraft:time_since_rest":7720,"minecraft:sprint_one_cm":101947,"minecraft:damage_taken":774,"minecraft:walk_one_cm":37262,"minecraft:mob_kills":1,"minecraft:drop":7,"minecraft:damage_dealt":78,"minecraft:interact_with_crafting_table":4,"minecraft:swim_one_cm":19171,"minecraft:fly_one_cm":301232,"minecraft:open_chest":2,"minecraft:crouch_one_cm":4920,"minecraft:play_time":37085,"minecraft:deaths":3,"minecraft:sneak_time":3430,"minecraft:walk_under_water_one_cm":4838,"minecraft:boat_one_cm":29521,"minecraft:jump":1037,"minecraft:leave_game":4,"minecraft:time_since_death":7683,"minecraft:walk_on_water_one_cm":8748,"minecraft:sleep_in_bed":1,"minecraft:total_world_time":37085,"minecraft:climb_one_cm":3856,"minecraft:fall_one_cm":31336},"minecraft:picked_up":{"minecraft:oak_slab":1,"minecraft:crafting_table":3,"minecraft:wheat":6,"minecraft:salmon":1,"minecraft:leather_leggings":3,"minecraft:potato":15,"minecraft:gravel":2,"minecraft:fire_charge":3,"minecraft:flint":21,"minecraft:oak_log":13,"minecraft:lily_pad":8,"minecraft:yellow_bed":3,"minecraft:dirt":20,"minecraft:flint_and_steel":3,"minecraft:bone":2,"minecraft:arrow":2,"minecraft:golden_hoe":3,"minecraft:beef":5,"minecraft:stone_pickaxe":1,"minecraft:oak_boat":7,"minecraft:iron_nugget":27,"minecraft:sugar_cane":72,"minecraft:obsidian":2,"minecraft:cobblestone":26},"minecraft:dropped":{"minecraft:potato":5,"minecraft:leather_leggings":2}},"DataVersion":3953}