{"stats":{"minecraft:dropped":{"minecraft:potato":5,"minecraft:leather_leggings":2},"minecraft:used":{"minecraft:leather_leggings":1,"minecraft:stone_pickaxe":29,"minecraft:oak_planks":3,"minecraft:shield":1,"minecraft:wooden_pickaxe":6,"minecraft:salmon":1,"minecraft:torch":4,"minecraft:dirt":17,"minecraft:oak_slab":1,"minecraft:crafting_table":4,"minecraft:obsidian":2,"minecraft:bread":3,"minecraft:gravel":3,"minecraft:stone_axe":1,"minecraft:cobblestone":26,"minecraft:beef":2,"minecraft:yellow_bed":3,"minecraft:oak_boat":4,"minecraft:potato":11,"minecraft:bone_meal":6},"minecraft:killed":{"minecraft:salmon":1},"minecraft:killed_by":{"minecraft:player":1},"minecraft:mined":{"minecraft:oak_slab":1,"minecraft:farmland":1,"minecraft:crafting_table":4,"minecraft:ladder":1,"minecraft:short_grass":9,"minecraft:grass_block":7,"minecraft:cobblestone":27,"minecraft:sugar_cane":8,"minecraft:ice":1,"minecraft:yellow_bed":3,"minecraft:coal_ore":2,"minecraft:potatoes":3,"minecraft:oak_log":13,"minecraft:gravel":4,"minecraft:dirt":9,"minecraft:packed_ice":5,"minecraft:stone":6,"minecraft:oak_leaves":1},"minecraft:custom":{"minecraft:mob_kills":1,"minecraft:interact_with_crafting_table":8,"minecraft:leave_game":4,"minecraft:time_since_death":10020,"minecraft:sleep_in_bed":1,"minecraft:climb_one_cm":3856,"minecraft:time_since_rest":10057,"minecraft:sprint_one_cm":106618,"minecraft:damage_taken":774,"minecraft:walk_one_cm":40562,"minecraft:damage_blocked_by_shield":278,"minecraft:drop":7,"minecraft:damage_dealt":78,"minecraft:swim_one_cm":19171,"minecraft:fly_one_cm":305328,"minecraft:open_chest":2,"minecraft:crouch_one_cm":5909,"minecraft:play_time":39422,"minecraft:deaths":3,"minecraft:sneak_time":3809,"minecraft:walk_under_water_one_cm":4838,"minecraft:boat_one_cm":29521,"minecraft:jump":1074,"minecraft:walk_on_water_one_cm":8748,"minecraft:total_world_time":39422,"minecraft:fall_one_cm":32292},"minecraft:broken":{"minecraft:stone_pickaxe":1},"minecraft:crafted":{"minecraft:oak_planks":52,"minecraft:crafting_table":1,"minecraft:wooden_pickaxe":1,"minecraft:bone_meal":6,"minecraft:stone_axe":1,"minecraft:bread":3,"minecraft:oak_boat":1,"minecraft:shield":1,"minecraft:stick":8,"minecraft:iron_ingot":1,"minecraft:stone_pickaxe":1,"minecraft:torch":8},"minecraft:picked_up":{"minecraft:crafting_table":5,"minecraft:wheat":6,"minecraft:salmon":1,"minecraft:leather_leggings":3,"minecraft:potato":15,"minecraft:flint":21,"minecraft:oak_log":13,"minecraft:lily_pad":8,"minecraft:yellow_bed":3,"minecraft:dirt":20,"minecraft:flint_and_steel":3,"minecraft:bone":2,"minecraft:beef":5,"minecraft:stone_pickaxe":1,"minecraft:oak_boat":7,"minecraft:iron_nugget":27,"minecraft:sugar_cane":72,"minecraft:oak_slab":1,"minecraft:gravel":3,"minecraft:fire_charge":3,"minecraft:arrow":2,"minecraft:golden_hoe":3,"minecraft:obsidian":2,"minecraft:coal":2,"minecraft:cobblestone":37}},"DataVersion":3953}