{"stats":{"minecraft:broken":{"minecraft:stone_pickaxe":1},"minecraft:killed_by":{"minecraft:zombie":2},"minecraft:used":{"minecraft:iron_bars":1,"minecraft:rabbit":1,"minecraft:stone_pickaxe":131,"minecraft:spruce_planks":2,"minecraft:wooden_pickaxe":16,"minecraft:blue_bed":4,"minecraft:iron_chestplate":1,"minecraft:dirt":1,"minecraft:crafting_table":3,"minecraft:white_bed":1,"minecraft:shears":2,"minecraft:spruce_boat":2,"minecraft:bread":11,"minecraft:iron_pickaxe":217,"minecraft:golden_leggings":1,"minecraft:golden_helmet":1,"minecraft:furnace":1,"minecraft:splash_potion":1},"minecraft:custom":{"minecraft:interact_with_furnace":6,"minecraft:mob_kills":5,"minecraft:interact_with_crafting_table":5,"minecraft:interact_with_grindstone":2,"minecraft:leave_game":5,"minecraft:time_since_death":17396,"minecraft:sleep_in_bed":4,"minecraft:climb_one_cm":1573,"minecraft:time_since_rest":32127,"minecraft:sprint_one_cm":122792,"minecraft:damage_taken":876,"minecraft:walk_one_cm":82611,"minecraft:damage_dealt":506,"minecraft:swim_one_cm":24325,"minecraft:talked_to_villager":5,"minecraft:fly_one_cm":253893,"minecraft:open_chest":9,"minecraft:crouch_one_cm":3821,"minecraft:play_time":67534,"minecraft:deaths":2,"minecraft:sneak_time":1746,"minecraft:walk_under_water_one_cm":8031,"minecraft:boat_one_cm":19120,"minecraft:jump":1024,"minecraft:interact_with_brewingstand":1,"minecraft:walk_on_water_one_cm":6028,"minecraft:total_world_time":67534,"minecraft:fall_one_cm":24375},"minecraft:mined":{"minecraft:diamond_ore":1,"minecraft:tuff":6,"minecraft:light_gray_carpet":3,"minecraft:red_carpet":2,"minecraft:white_bed":2,"minecraft:red_bed":2,"minecraft:deepslate_diamond_ore":31,"minecraft:crafting_table":3,"minecraft:granite":13,"minecraft:short_grass":3,"minecraft:grass_block":1,"minecraft:spruce_leaves":10,"minecraft:grindstone":1,"minecraft:sugar_cane":1,"minecraft:diorite":3,"minecraft:blue_bed":8,"minecraft:chiseled_stone_bricks":1,"minecraft:furnace":1,"minecraft:iron_ore":16,"minecraft:ice":2,"minecraft:white_carpet":9,"minecraft:spruce_log":11,"minecraft:coal_ore":19,"minecraft:water_cauldron":1,"minecraft:iron_bars":3,"minecraft:lantern":2,"minecraft:gravel":2,"minecraft:dirt":1,"minecraft:packed_ice":3,"minecraft:stone":127,"minecraft:deepslate":119,"minecraft:oak_leaves":1},"minecraft:crafted":{"minecraft:crafting_table":3,"minecraft:spruce_planks":44,"minecraft:wooden_pickaxe":1,"minecraft:furnace":1,"minecraft:air":0,"minecraft:stick":12,"minecraft:iron_ingot":3,"minecraft:iron_pickaxe":1,"minecraft:stone_pickaxe":1,"minecraft:spruce_boat":1,"minecraft:shears":1},"minecraft:killed":{"minecraft:pig":1,"minecraft:sheep":2,"minecraft:zombie":1},"minecraft:picked_up":{"minecraft:iron_chestplate":1,"minecraft:crafting_table":4,"minecraft:golden_leggings":1,"minecraft:flint":4,"minecraft:tuff":6,"minecraft:dirt":1,"minecraft:blue_bed":12,"minecraft:red_bed":4,"minecraft:lantern":4,"minecraft:white_carpet":18,"minecraft:apple":1,"minecraft:gold_nugget":2,"minecraft:cobbled_deepslate":119,"minecraft:spruce_planks":7,"minecraft:rabbit_hide":2,"minecraft:iron_ingot":5,"minecraft:grindstone":2,"minecraft:rabbit":1,"minecraft:iron_pickaxe":1,"minecraft:furnace":1,"minecraft:golden_helmet":1,"minecraft:stick":6,"minecraft:raw_iron":25,"minecraft:chiseled_stone_bricks":2,"minecraft:porkchop":2,"minecraft:diorite":4,"minecraft:white_bed":3,"minecraft:spruce_log":11,"minecraft:cauldron":2,"minecraft:diamond":32,"minecraft:spruce_boat":3,"minecraft:short_grass":1,"minecraft:granite":13,"minecraft:gray_wool":3,"minecraft:bread":8,"minecraft:glistering_melon_slice":6,"minecraft:light_gray_carpet":6,"minecraft:mutton":3,"minecraft:obsidian":1,"minecraft:coal":36,"minecraft:iron_bars":5,"minecraft:snowball":3,"minecraft:white_wool":16,"minecraft:cobblestone":127}},"DataVersion":3953}