{"stats":{"minecraft:used":{"minecraft:iron_pickaxe":5,"minecraft:spruce_planks":2,"minecraft:white_wool":2,"minecraft:wooden_sword":42,"minecraft:dirt":10,"minecraft:mutton":2,"minecraft:beef":2,"minecraft:sweet_berries":22,"minecraft:crafting_table":3},"minecraft:killed":{"minecraft:sheep":2,"minecraft:iron_golem":1,"minecraft:cow":4},"minecraft:mined":{"minecraft:large_fern":1,"minecraft:spruce_planks":2,"minecraft:white_bed":1,"minecraft:sweet_berry_bush":20,"minecraft:barrel":3,"minecraft:spruce_log":5,"minecraft:fletching_table":1,"minecraft:crafting_table":3,"minecraft:grass_block":6,"minecraft:lantern":4,"minecraft:dirt":7,"minecraft:spruce_leaves":9,"minecraft:white_wool":2,"minecraft:fern":2},"minecraft:custom":{"minecraft:time_since_rest":4377,"minecraft:sprint_one_cm":180909,"minecraft:damage_taken":280,"minecraft:walk_one_cm":162306,"minecraft:mob_kills":7,"minecraft:damage_dealt":1510,"minecraft:talked_to_villager":1,"minecraft:fly_one_cm":69667,"minecraft:interact_with_crafting_table":6,"minecraft:open_barrel":3,"minecraft:open_chest":11,"minecraft:crouch_one_cm":150,"minecraft:play_time":34295,"minecraft:deaths":1,"minecraft:sneak_time":604,"minecraft:jump":574,"minecraft:time_since_death":15617,"minecraft:walk_on_water_one_cm":77,"minecraft:sleep_in_bed":2,"minecraft:total_world_time":34295,"minecraft:fall_one_cm":7936},"minecraft:crafted":{"minecraft:wooden_sword":1,"minecraft:crafting_table":1,"minecraft:spruce_planks":20,"minecraft:stick":4,"minecraft:iron_pickaxe":1},"minecraft:picked_up":{"minecraft:stick":3,"minecraft:crafting_table":4,"minecraft:sweet_berries":49,"minecraft:leather":6,"minecraft:spruce_sapling":2,"minecraft:white_bed":1,"minecraft:spruce_log":5,"minecraft:barrel":6,"minecraft:dirt":10,"minecraft:lantern":4,"minecraft:wooden_sword":1,"minecraft:rotten_flesh":1,"minecraft:spruce_planks":14,"minecraft:iron_ingot":3,"minecraft:beef":6,"minecraft:poppy":1,"minecraft:emerald":1,"minecraft:fletching_table":1,"minecraft:mutton":2,"minecraft:white_wool":6}},"DataVersion":3953}