{"stats":{"minecraft:used":{"minecraft:wooden_sword":4,"minecraft:dirt":10,"minecraft:mutton":2,"minecraft:beef":2,"minecraft:crafting_table":2},"minecraft:killed":{"minecraft:sheep":2,"minecraft:cow":1},"minecraft:mined":{"minecraft:large_fern":1,"minecraft:grass_block":3,"minecraft:dirt":7,"minecraft:spruce_leaves":7,"minecraft:spruce_log":5,"minecraft:fern":2,"minecraft:crafting_table":2},"minecraft:custom":{"minecraft:time_since_rest":16295,"minecraft:play_time":16295,"minecraft:sprint_one_cm":72416,"minecraft:damage_taken":220,"minecraft:walk_one_cm":84117,"minecraft:mob_kills":3,"minecraft:jump":294,"minecraft:damage_dealt":270,"minecraft:time_since_death":16295,"minecraft:total_world_time":16295,"minecraft:fall_one_cm":2388,"minecraft:interact_with_crafting_table":2,"minecraft:fly_one_cm":43970},"minecraft:crafted":{"minecraft:wooden_sword":1,"minecraft:crafting_table":1,"minecraft:spruce_planks":20,"minecraft:stick":4},"minecraft:picked_up":{"minecraft:crafting_table":2,"minecraft:leather":2,"minecraft:beef":2,"minecraft:spruce_sapling":1,"minecraft:spruce_log":5,"minecraft:mutton":2,"minecraft:white_wool":2,"minecraft:dirt":10}},"DataVersion":3953}