{"stats":{"minecraft:picked_up":{"minecraft:crafting_table":7,"minecraft:cooked_beef":4,"minecraft:leather":6,"minecraft:potato":11,"minecraft:dirt":19,"minecraft:lantern":4,"minecraft:wooden_sword":1,"minecraft:wheat_seeds":8,"minecraft:spruce_planks":24,"minecraft:beef":6,"minecraft:iron_ingot":3,"minecraft:poppy":1,"minecraft:fletching_table":1,"minecraft:furnace":1,"minecraft:stick":3,"minecraft:sweet_berries":101,"minecraft:spruce_sapling":2,"minecraft:white_bed":5,"minecraft:spruce_log":5,"minecraft:barrel":6,"minecraft:rotten_flesh":1,"minecraft:emerald":1,"minecraft:baked_potato":10,"minecraft:mutton":2,"minecraft:coal":76,"minecraft:white_wool":6,"minecraft:cobblestone":11},"minecraft:crafted":{"minecraft:wooden_sword":1,"minecraft:crafting_table":1,"minecraft:spruce_planks":64,"minecraft:iron_sword":1,"minecraft:furnace":1,"minecraft:stone_axe":1,"minecraft:shield":1,"minecraft:iron_axe":1,"minecraft:stick":12,"minecraft:iron_ingot":12,"minecraft:iron_pickaxe":1,"minecraft:wooden_axe":1,"minecraft:stone_sword":1,"minecraft:chest":2},"minecraft:mined":{"minecraft:spruce_planks":12,"minecraft:white_bed":5,"minecraft:crafting_table":6,"minecraft:short_grass":2,"minecraft:grass_block":9,"minecraft:spruce_leaves":10,"minecraft:large_fern":2,"minecraft:furnace":1,"minecraft:sweet_berry_bush":42,"minecraft:barrel":3,"minecraft:wheat":7,"minecraft:spruce_log":5,"minecraft:birch_leaves":3,"minecraft:fletching_table":1,"minecraft:potatoes":12,"minecraft:coal_ore":39,"minecraft:lantern":4,"minecraft:dirt":13,"minecraft:stone":11,"minecraft:white_wool":2,"minecraft:oak_leaves":1,"minecraft:fern":2},"minecraft:killed":{"minecraft:iron_golem":1,"minecraft:sheep":2,"minecraft:cow":4},"minecraft:custom":{"minecraft:interact_with_furnace":9,"minecraft:mob_kills":7,"minecraft:interact_with_crafting_table":18,"minecraft:open_barrel":3,"minecraft:interact_with_campfire":14,"minecraft:leave_game":1,"minecraft:time_since_death":71993,"minecraft:sleep_in_bed":7,"minecraft:time_since_rest":3935,"minecraft:sprint_one_cm":463029,"minecraft:damage_taken":875,"minecraft:walk_one_cm":271632,"minecraft:damage_dealt":1510,"minecraft:swim_one_cm":37568,"minecraft:talked_to_villager":1,"minecraft:fly_one_cm":282481,"minecraft:open_chest":27,"minecraft:crouch_one_cm":150,"minecraft:play_time":90671,"minecraft:deaths":1,"minecraft:sneak_time":604,"minecraft:walk_under_water_one_cm":2518,"minecraft:jump":1664,"minecraft:interact_with_blast_furnace":1,"minecraft:walk_on_water_one_cm":24547,"minecraft:total_world_time":90671,"minecraft:fall_one_cm":26468},"minecraft:used":{"minecraft:baked_potato":6,"minecraft:chest":2,"minecraft:spruce_planks":13,"minecraft:white_wool":2,"minecraft:dirt":19,"minecraft:mutton":2,"minecraft:crafting_table":6,"minecraft:white_bed":4,"minecraft:wooden_axe":12,"minecraft:iron_axe":1,"minecraft:bread":3,"minecraft:iron_pickaxe":56,"minecraft:stone_axe":1,"minecraft:wooden_sword":42,"minecraft:cobblestone":6,"minecraft:beef":2,"minecraft:sweet_berries":56,"minecraft:furnace":1,"minecraft:cooked_beef":3}},"DataVersion":3953}