{"stats":{"minecraft:picked_up":{"minecraft:crafting_table":7,"minecraft:cooked_beef":4,"minecraft:leather":6,"minecraft:potato":11,"minecraft:lapis_lazuli":18,"minecraft:string":3,"minecraft:dirt":19,"minecraft:lantern":4,"minecraft:wooden_sword":1,"minecraft:wheat_seeds":8,"minecraft:raw_gold":5,"minecraft:spruce_planks":24,"minecraft:beef":6,"minecraft:iron_ingot":3,"minecraft:poppy":1,"minecraft:fletching_table":1,"minecraft:furnace":1,"minecraft:stick":3,"minecraft:raw_iron":54,"minecraft:sweet_berries":101,"minecraft:oak_fence":5,"minecraft:torch":4,"minecraft:gravel":1,"minecraft:spruce_sapling":2,"minecraft:white_bed":5,"minecraft:spruce_log":5,"minecraft:redstone":9,"minecraft:barrel":6,"minecraft:arrow":2,"minecraft:rotten_flesh":5,"minecraft:granite":4,"minecraft:emerald":1,"minecraft:baked_potato":10,"minecraft:rail":42,"minecraft:mutton":2,"minecraft:coal":78,"minecraft:white_wool":6,"minecraft:cobblestone":54},"minecraft:crafted":{"minecraft:wooden_sword":1,"minecraft:crafting_table":1,"minecraft:spruce_planks":64,"minecraft:iron_sword":1,"minecraft:furnace":1,"minecraft:stone_axe":1,"minecraft:shield":1,"minecraft:iron_axe":1,"minecraft:stick":20,"minecraft:iron_ingot":12,"minecraft:iron_pickaxe":1,"minecraft:wooden_axe":1,"minecraft:stone_sword":1,"minecraft:chest":2,"minecraft:torch":32},"minecraft:mined":{"minecraft:spruce_planks":12,"minecraft:white_bed":5,"minecraft:oak_fence":2,"minecraft:crafting_table":6,"minecraft:torch":4,"minecraft:granite":4,"minecraft:short_grass":2,"minecraft:grass_block":9,"minecraft:cobblestone":22,"minecraft:spruce_leaves":10,"minecraft:lapis_ore":3,"minecraft:large_fern":2,"minecraft:redstone_ore":2,"minecraft:furnace":1,"minecraft:iron_ore":54,"minecraft:sweet_berry_bush":42,"minecraft:barrel":3,"minecraft:wheat":7,"minecraft:spruce_log":5,"minecraft:birch_leaves":3,"minecraft:fletching_table":1,"minecraft:potatoes":12,"minecraft:coal_ore":39,"minecraft:rail":42,"minecraft:lantern":4,"minecraft:gravel":1,"minecraft:dirt":13,"minecraft:cobweb":1,"minecraft:stone":31,"minecraft:gold_ore":5,"minecraft:white_wool":2,"minecraft:oak_leaves":1,"minecraft:fern":2},"minecraft:killed":{"minecraft:spider":1,"minecraft:iron_golem":1,"minecraft:bat":1,"minecraft:skeleton":1,"minecraft:sheep":2,"minecraft:zombie":5,"minecraft:cow":4},"minecraft:custom":{"minecraft:interact_with_furnace":9,"minecraft:mob_kills":15,"minecraft:interact_with_crafting_table":18,"minecraft:open_barrel":3,"minecraft:interact_with_campfire":14,"minecraft:leave_game":1,"minecraft:time_since_death":95993,"minecraft:sleep_in_bed":7,"minecraft:time_since_rest":27935,"minecraft:sprint_one_cm":532657,"minecraft:damage_taken":1710,"minecraft:walk_one_cm":357755,"minecraft:damage_blocked_by_shield":857,"minecraft:damage_dealt":2830,"minecraft:swim_one_cm":37568,"minecraft:talked_to_villager":1,"minecraft:fly_one_cm":290809,"minecraft:open_chest":31,"minecraft:crouch_one_cm":245,"minecraft:play_time":114671,"minecraft:deaths":1,"minecraft:sneak_time":616,"minecraft:walk_under_water_one_cm":2518,"minecraft:jump":1899,"minecraft:interact_with_blast_furnace":1,"minecraft:walk_on_water_one_cm":25363,"minecraft:total_world_time":114671,"minecraft:fall_one_cm":26886},"minecraft:used":{"minecraft:baked_potato":9,"minecraft:chest":2,"minecraft:spruce_planks":13,"minecraft:shield":12,"minecraft:iron_sword":27,"minecraft:white_wool":2,"minecraft:torch":22,"minecraft:dirt":19,"minecraft:mutton":2,"minecraft:crafting_table":6,"minecraft:white_bed":4,"minecraft:wooden_axe":12,"minecraft:iron_axe":3,"minecraft:bread":12,"minecraft:iron_pickaxe":209,"minecraft:stone_axe":1,"minecraft:wooden_sword":42,"minecraft:cobblestone":50,"minecraft:beef":2,"minecraft:sweet_berries":69,"minecraft:furnace":1,"minecraft:cooked_beef":4}},"DataVersion":3953}