{"stats":{"minecraft:used":{"minecraft:baked_potato":1,"minecraft:iron_pickaxe":5,"minecraft:spruce_planks":2,"minecraft:white_wool":2,"minecraft:wooden_sword":42,"minecraft:dirt":10,"minecraft:mutton":2,"minecraft:beef":2,"minecraft:sweet_berries":32,"minecraft:crafting_table":3,"minecraft:white_bed":2},"minecraft:killed":{"minecraft:sheep":2,"minecraft:iron_golem":1,"minecraft:cow":4},"minecraft:mined":{"minecraft:large_fern":2,"minecraft:spruce_planks":2,"minecraft:white_bed":3,"minecraft:sweet_berry_bush":42,"minecraft:barrel":3,"minecraft:spruce_log":5,"minecraft:fletching_table":1,"minecraft:crafting_table":3,"minecraft:grass_block":6,"minecraft:lantern":4,"minecraft:dirt":7,"minecraft:spruce_leaves":10,"minecraft:white_wool":2,"minecraft:fern":2},"minecraft:custom":{"minecraft:time_since_rest":2960,"minecraft:sprint_one_cm":255813,"minecraft:damage_taken":370,"minecraft:walk_one_cm":180597,"minecraft:mob_kills":7,"minecraft:damage_dealt":1510,"minecraft:swim_one_cm":21843,"minecraft:talked_to_villager":1,"minecraft:fly_one_cm":128335,"minecraft:interact_with_crafting_table":6,"minecraft:open_barrel":3,"minecraft:open_chest":11,"minecraft:crouch_one_cm":150,"minecraft:play_time":46295,"minecraft:interact_with_campfire":14,"minecraft:deaths":1,"minecraft:sneak_time":604,"minecraft:walk_under_water_one_cm":1510,"minecraft:jump":745,"minecraft:time_since_death":27617,"minecraft:walk_on_water_one_cm":13999,"minecraft:sleep_in_bed":3,"minecraft:total_world_time":46295,"minecraft:fall_one_cm":8563},"minecraft:crafted":{"minecraft:wooden_sword":1,"minecraft:crafting_table":1,"minecraft:spruce_planks":20,"minecraft:stick":4,"minecraft:iron_pickaxe":1},"minecraft:picked_up":{"minecraft:stick":3,"minecraft:crafting_table":4,"minecraft:cooked_beef":4,"minecraft:sweet_berries":101,"minecraft:leather":6,"minecraft:spruce_sapling":2,"minecraft:white_bed":3,"minecraft:spruce_log":5,"minecraft:barrel":6,"minecraft:dirt":10,"minecraft:lantern":4,"minecraft:wooden_sword":1,"minecraft:rotten_flesh":1,"minecraft:wheat_seeds":1,"minecraft:spruce_planks":14,"minecraft:iron_ingot":3,"minecraft:beef":6,"minecraft:poppy":1,"minecraft:emerald":1,"minecraft:fletching_table":1,"minecraft:baked_potato":10,"minecraft:mutton":2,"minecraft:white_wool":6}},"DataVersion":3953}