{"stats":{"minecraft:dropped":{"minecraft:cobblestone":3,"minecraft:stick":6,"minecraft:arrow":2},"minecraft:killed_by":{"minecraft:spider":1},"minecraft:used":{"minecraft:baked_potato":10,"minecraft:chest":2,"minecraft:spruce_planks":13,"minecraft:shield":12,"minecraft:iron_sword":27,"minecraft:torch":25,"minecraft:white_wool":2,"minecraft:dirt":19,"minecraft:mutton":2,"minecraft:crafting_table":7,"minecraft:white_bed":5,"minecraft:wooden_axe":12,"minecraft:bread":12,"minecraft:iron_axe":5,"minecraft:iron_pickaxe":379,"minecraft:stone_axe":1,"minecraft:wooden_sword":42,"minecraft:cobblestone":81,"minecraft:beef":2,"minecraft:sweet_berries":115,"minecraft:furnace":2,"minecraft:cooked_beef":4,"minecraft:golden_pickaxe":1},"minecraft:killed":{"minecraft:spider":1,"minecraft:iron_golem":1,"minecraft:bat":1,"minecraft:skeleton":1,"minecraft:sheep":2,"minecraft:zombie":5,"minecraft:cow":4},"minecraft:mined":{"minecraft:spruce_planks":12,"minecraft:white_bed":6,"minecraft:oak_fence":2,"minecraft:crafting_table":7,"minecraft:torch":4,"minecraft:granite":4,"minecraft:short_grass":5,"minecraft:grass_block":13,"minecraft:cobblestone":28,"minecraft:spruce_leaves":17,"minecraft:lapis_ore":3,"minecraft:large_fern":4,"minecraft:redstone_ore":2,"minecraft:furnace":2,"minecraft:iron_ore":54,"minecraft:wheat":7,"minecraft:barrel":3,"minecraft:sweet_berry_bush":64,"minecraft:spruce_log":5,"minecraft:andesite":18,"minecraft:birch_leaves":3,"minecraft:fletching_table":1,"minecraft:potatoes":12,"minecraft:coal_ore":43,"minecraft:rail":42,"minecraft:lantern":4,"minecraft:gravel":1,"minecraft:dirt":17,"minecraft:cobweb":1,"minecraft:stone":172,"minecraft:gold_ore":5,"minecraft:white_wool":2,"minecraft:oak_leaves":1,"minecraft:fern":5},"minecraft:broken":{"minecraft:iron_pickaxe":1},"minecraft:picked_up":{"minecraft:crafting_table":8,"minecraft:cooked_beef":4,"minecraft:andesite":14,"minecraft:leather":6,"minecraft:potato":11,"minecraft:lapis_lazuli":18,"minecraft:dirt":21,"minecraft:string":3,"minecraft:lantern":4,"minecraft:wooden_sword":1,"minecraft:wheat_seeds":9,"minecraft:raw_gold":5,"minecraft:spruce_planks":24,"minecraft:iron_ingot":4,"minecraft:beef":6,"minecraft:poppy":1,"minecraft:fletching_table":1,"minecraft:furnace":2,"minecraft:stick":7,"minecraft:raw_iron":107,"minecraft:sweet_berries":153,"minecraft:oak_fence":5,"minecraft:torch":5,"minecraft:gravel":1,"minecraft:spruce_sapling":3,"minecraft:white_bed":6,"minecraft:spruce_log":5,"minecraft:redstone":9,"minecraft:barrel":6,"minecraft:arrow":2,"minecraft:rotten_flesh":5,"minecraft:granite":4,"minecraft:emerald":1,"minecraft:baked_potato":10,"minecraft:mutton":2,"minecraft:white_wool":6,"minecraft:coal":119,"minecraft:rail":42,"minecraft:cobblestone":128},"minecraft:crafted":{"minecraft:wooden_sword":1,"minecraft:crafting_table":1,"minecraft:spruce_planks":64,"minecraft:iron_sword":1,"minecraft:furnace":1,"minecraft:stone_axe":1,"minecraft:shield":1,"minecraft:iron_axe":1,"minecraft:stick":24,"minecraft:iron_ingot":12,"minecraft:iron_pickaxe":2,"minecraft:wooden_axe":1,"minecraft:stone_sword":1,"minecraft:chest":2,"minecraft:torch":32},"minecraft:custom":{"minecraft:interact_with_furnace":11,"minecraft:mob_kills":15,"minecraft:interact_with_crafting_table":19,"minecraft:open_barrel":3,"minecraft:interact_with_campfire":14,"minecraft:leave_game":5,"minecraft:time_since_death":26950,"minecraft:sleep_in_bed":8,"minecraft:time_since_rest":27586,"minecraft:sprint_one_cm":644569,"minecraft:damage_taken":2440,"minecraft:walk_one_cm":517337,"minecraft:damage_blocked_by_shield":857,"minecraft:drop":5,"minecraft:damage_dealt":2840,"minecraft:swim_one_cm":53823,"minecraft:talked_to_villager":1,"minecraft:fly_one_cm":501072,"minecraft:open_chest":32,"minecraft:crouch_one_cm":1036,"minecraft:play_time":162790,"minecraft:deaths":3,"minecraft:sneak_time":789,"minecraft:walk_under_water_one_cm":12375,"minecraft:jump":2867,"minecraft:interact_with_blast_furnace":1,"minecraft:walk_on_water_one_cm":82216,"minecraft:total_world_time":162790,"minecraft:fall_one_cm":46344}},"DataVersion":3953}