{"stats":{"minecraft:picked_up":{"minecraft:stick":3,"minecraft:crafting_table":5,"minecraft:cooked_beef":4,"minecraft:sweet_berries":101,"minecraft:leather":6,"minecraft:potato":11,"minecraft:spruce_sapling":2,"minecraft:white_bed":4,"minecraft:spruce_log":5,"minecraft:dirt":19,"minecraft:barrel":6,"minecraft:lantern":4,"minecraft:wooden_sword":1,"minecraft:rotten_flesh":1,"minecraft:wheat_seeds":8,"minecraft:spruce_planks":24,"minecraft:iron_ingot":3,"minecraft:beef":6,"minecraft:poppy":1,"minecraft:emerald":1,"minecraft:fletching_table":1,"minecraft:baked_potato":10,"minecraft:mutton":2,"minecraft:white_wool":6},"minecraft:crafted":{"minecraft:wooden_sword":1,"minecraft:crafting_table":1,"minecraft:spruce_planks":64,"minecraft:stick":12,"minecraft:stone_sword":1,"minecraft:iron_pickaxe":1,"minecraft:wooden_axe":1,"minecraft:chest":1},"minecraft:mined":{"minecraft:large_fern":2,"minecraft:spruce_planks":12,"minecraft:white_bed":4,"minecraft:wheat":7,"minecraft:barrel":3,"minecraft:sweet_berry_bush":42,"minecraft:spruce_log":5,"minecraft:birch_leaves":3,"minecraft:fletching_table":1,"minecraft:crafting_table":4,"minecraft:short_grass":2,"minecraft:potatoes":12,"minecraft:grass_block":9,"minecraft:lantern":4,"minecraft:dirt":13,"minecraft:spruce_leaves":10,"minecraft:white_wool":2,"minecraft:oak_leaves":1,"minecraft:fern":2},"minecraft:killed":{"minecraft:sheep":2,"minecraft:iron_golem":1,"minecraft:cow":4},"minecraft:custom":{"minecraft:time_since_rest":5234,"minecraft:interact_with_furnace":1,"minecraft:sprint_one_cm":434645,"minecraft:damage_taken":790,"minecraft:walk_one_cm":239981,"minecraft:mob_kills":7,"minecraft:damage_dealt":1510,"minecraft:interact_with_crafting_table":8,"minecraft:swim_one_cm":37568,"minecraft:fly_one_cm":269391,"minecraft:talked_to_villager":1,"minecraft:open_barrel":3,"minecraft:open_chest":17,"minecraft:crouch_one_cm":150,"minecraft:play_time":78671,"minecraft:interact_with_campfire":14,"minecraft:deaths":1,"minecraft:sneak_time":604,"minecraft:walk_under_water_one_cm":2518,"minecraft:jump":1474,"minecraft:interact_with_blast_furnace":1,"minecraft:leave_game":1,"minecraft:time_since_death":59993,"minecraft:walk_on_water_one_cm":24547,"minecraft:sleep_in_bed":5,"minecraft:total_world_time":78671,"minecraft:fall_one_cm":24021},"minecraft:used":{"minecraft:wooden_axe":12,"minecraft:bread":3,"minecraft:baked_potato":6,"minecraft:iron_pickaxe":5,"minecraft:spruce_planks":13,"minecraft:white_wool":2,"minecraft:wooden_sword":42,"minecraft:dirt":19,"minecraft:mutton":2,"minecraft:beef":2,"minecraft:sweet_berries":53,"minecraft:crafting_table":5,"minecraft:white_bed":3,"minecraft:cooked_beef":2}},"DataVersion":3953}